name,age,street,city,state,zip,lng,lat
Heather Flores,49,87498 Brooke Mission Apt. 280,Jacquelinemouth,Nebraska,62272,59.703067,15.5404585
James Barrera,22,9399 Adam Lock Suite 807,East Stephaniemouth,Wisconsin,64087,-149.097593,-23.7329015
Paul Barr,68,57146 Baker Roads Apt. 308,North Michelle,Virginia,82356,122.652062,50.580821
Angela Walker,23,3877 Li Estate Apt. 505,South Stacie,Montana,26083,-178.076879,12.703892
Deborah Brooks,47,5714 Raymond Forest,Robinberg,North Dakota,85355,-124.191244,-31.8916585
Stephanie Knapp,18,24770 Lopez Dale,Chelseaville,Florida,30802,72.859350,-65.5715865
Jason Stewart,40,631 Jessica Tunnel Apt. 050,Wrightside,Virginia,20790,-122.727684,-73.4320555
Kathleen Peterson,29,391 Estrada Estate,North Andrew,Georgia,19938,27.463297,82.968365
Mrs. Ashley Fuller,63,8269 Carson Turnpike,Nicholaschester,Minnesota,65612,106.335954,89.4524685
Nathan Foley,30,874 Anna Spring,Lake Angela,Massachusetts,83441,-41.950519,83.041551
Keith Brown,60,327 Brittany Junctions,Michaelfurt,Georgia,33358,68.824747,-17.526068
Sue Gray,51,41427 Terri Loop,Lake Michaelmouth,Maine,27901,140.003652,18.296120
Lisa Jones,18,2222 Rice Island Apt. 034,Saundersmouth,Florida,89980,-149.652634,19.932298
Shelby Thomas DDS,56,693 Robert Fords,Dawnberg,North Carolina,50864,-175.957640,-60.129370
Christopher Spencer,28,3182 Taylor Parks Suite 395,North Kimberlymouth,Vermont,39144,-88.143625,78.5198515
Anthony Gomez,22,2924 Frank Dam,Craigmouth,New Hampshire,48990,43.777748,-18.9068945
Andrew Cole,20,95367 Lynch Walks,Lake Philip,Hawaii,20957,66.316745,49.130657
Olivia Martinez,77,27821 Armstrong Knoll Suite 260,New Alexis,Indiana,11295,-59.120969,-85.911801
Erin Krueger,46,2008 Patrick Spring,Marymouth,Indiana,32946,-0.357728,-19.9569945
Jennifer Salazar,42,9123 Shelton Via,Clarkberg,Pennsylvania,59438,149.457045,-60.890864
Danny Kim,34,29608 Martinez Brook,West Joshuafort,Maine,77727,-163.919961,10.946001
Robert Gallagher,34,89291 Bowen Neck Suite 622,Davidshire,Tennessee,19807,-59.701615,-18.169714
Richard Andrews,54,35521 Sherman Forge Suite 769,Clarkstad,North Dakota,80702,-118.221150,75.9687585
Alyssa Hodges,25,21683 Moore Forks Apt. 789,North Ashleyside,Connecticut,92039,94.331922,-40.199103
Mrs. Angela Mcdaniel DDS,25,065 Heather Street,Austinton,Michigan,33099,-0.162951,40.608531
Alyssa Garcia,56,14083 Baker Pike,Tonyabury,Nevada,05385,-22.961021,-86.7459375
Lisa Jones,25,27449 Lang Creek,Douglasport,New Mexico,54249,126.432086,85.352873
Sophia Williams,28,16531 Kelly Divide,Christensenland,Colorado,19732,117.279138,-67.608890
Christopher Cross,37,5577 King Lodge,Scottshire,Pennsylvania,48321,-62.136391,32.6826185
Madison Martinez,32,21394 Baxter Oval Apt. 563,South Steven,Arkansas,97153,-93.402523,58.234560
Matthew Barton,24,89470 White Unions Apt. 761,East Allison,Rhode Island,70139,72.685822,30.2028505
Susan Meyer,61,8266 Jason Square Apt. 073,Bishopside,Maryland,79304,92.717560,29.472819
Lisa Hernandez,38,18930 White Passage,Melissahaven,Florida,29647,118.447778,-11.200865
Caitlin Farley,64,56017 Richard Village,East Stephanieton,Maine,73199,-138.199972,25.971594
Brandy Gibson,68,1371 Alexa Flats,Gilbertview,Colorado,94119,79.848427,17.4168255
Erika Miller,29,474 Michael Junction Suite 562,Jasonton,Delaware,14020,4.989165,-10.2101405
Lisa Melton,77,105 Stone Keys,Jamesfurt,Maine,29714,-96.256314,-9.3109895
Benjamin Sandoval,46,203 Tyler Highway Apt. 160,South Tara,Washington,44480,163.493806,47.1104045
Molly Hernandez,33,030 Nathaniel Canyon,Marctown,Michigan,53692,-70.920856,48.8711275
David Mcdonald,40,817 Jodi Mountains,Kingstad,Mississippi,45642,125.070301,4.328181
Amy Nguyen,54,86729 Benjamin Ferry Apt. 452,Kimberlyborough,Arkansas,59230,6.878713,-21.4531805
Jamie Rodriguez,32,62531 Jacob Ports,East Shelleychester,Rhode Island,79953,-124.325541,31.187533
James Miller,48,1499 Jessica Cliff Suite 734,Kramerside,Virginia,88343,-97.966762,47.235688
Karen Simon,29,667 Mariah Extension,Robertsville,Alabama,27074,-38.086504,-4.1426705
Nicholas Gray,79,6782 Cassandra Extension Suite 778,Port Tammyhaven,South Dakota,35142,27.061520,-80.0143225
Steven Washington,74,21106 Paul Summit Suite 877,New April,West Virginia,88268,21.291598,-11.685110
Laura Thompson,31,6237 James Fork,East Michelle,South Carolina,50776,5.158338,78.8737665
Joshua Santos,69,1738 Daniel Inlet,Nicholasville,Arkansas,69823,-179.498541,76.0738785
Antonio Arnold,28,4596 Hurst View,Michaelton,New Mexico,70908,106.970928,-26.2116705
Brittany Cunningham,43,373 Lynn Loop Apt. 600,East Brian,Alabama,69500,-104.434521,-8.534354
Michael Roman,48,203 Aaron Hills Suite 915,Lake Hannah,North Carolina,95936,107.367642,-86.415337
Danielle Diaz,28,28477 Linda Wells Suite 468,Michaelside,Maryland,15330,101.648362,45.897959
Katherine Morales,43,061 Johnson Glen,Hernandezburgh,Maryland,68865,103.453045,74.685413
Alexander Abbott,40,80967 Bishop Glens Suite 296,Port Sarah,Alabama,44560,175.093633,58.4836235
Tim Bennett,28,7354 Jennifer Terrace,Jennifermouth,Kentucky,57858,161.844767,54.8030215
Henry Rice,33,153 Vincent Tunnel,Nicholsburgh,Rhode Island,54213,-5.981978,14.586419
Ann Rivera,29,782 Chambers Lake Apt. 867,North Nicholas,Oregon,62116,-53.995241,45.4210545
Amy White,57,48235 Martinez Land Apt. 650,East Ashley,Iowa,03622,-117.424889,62.349353
Jason Reed,31,3216 Taylor Bypass Suite 515,Patrickville,Montana,21671,10.631737,-70.6252625
Andrew Hernandez,58,78051 Julie Circle Suite 162,Port Gary,Idaho,08319,102.817530,72.8018345
Courtney Dixon,58,5283 James Station Suite 820,Feliciaport,Arizona,93060,-133.579284,1.705052
Bonnie Fernandez,75,50577 Gentry Trafficway Suite 271,West Bailey,North Dakota,65853,-126.710478,-79.4014345
Jill Smith,21,6947 Megan Camp Apt. 433,Lauraview,Alaska,46314,31.904161,-71.9924005
Alexa Moore,70,112 Cardenas Stravenue,West Michaelbury,Utah,96210,18.960982,67.491484
Melanie Stout,79,139 Joel Locks Apt. 125,Patrickbury,Kansas,67031,-131.380567,43.7987385
Erica Carroll,51,4838 Walker Track Suite 461,Sharontown,Texas,95063,149.319985,-52.3220755
Renee Huffman,68,0048 Courtney Camp Apt. 738,Port Shawn,Nebraska,99057,29.692000,68.9530405
Traci Cruz,74,12052 Melissa Square,Kevinport,Vermont,52933,-168.844620,-55.9315875
Matthew Farley,47,7312 Robert Stravenue Apt. 095,East Ross,Utah,01715,172.399510,85.103470
Tyler Crawford,59,95544 Gibbs Street,Port Mary,Texas,32125,-143.766806,75.467083
Grace Marshall,20,703 Pierce Villages Suite 793,Brandonburgh,Louisiana,09269,-16.351573,-21.390408
Kimberly Johnston,50,6695 Mccormick Harbor Apt. 477,South Bradleyshire,South Carolina,15852,-54.525408,-65.7125705
Cheryl Myers,75,95084 Tucker Hill,Aliciaport,Vermont,40226,-77.270510,-63.6197385
Jared Fleming,36,275 Michael Walks Suite 756,Nicholsonhaven,Maryland,55850,-45.444044,50.6404595
Leslie Garcia,35,754 Sheri Street,Lake Mirandashire,New Hampshire,57113,-111.766136,34.051716
Don Cruz,48,297 Kenneth Spurs,Patrickbury,West Virginia,10441,-163.628556,2.377597
Jason Mitchell,64,03112 Jonathan Heights Apt. 816,Joshuafurt,Indiana,06301,164.195224,81.7148295
Patrick Martinez,40,4649 William Stravenue,East Melissamouth,New Hampshire,55029,79.454047,13.6918045
Hannah Williams,34,0126 Lopez Village Suite 925,Farmerborough,Nevada,08857,-44.988694,-84.887824
Lauren Tanner,33,5176 Herrera Manors Suite 949,Jasonview,Virginia,98260,-23.744849,-50.187515
Renee Hahn,19,469 Brenda Spring,Lake Andrewland,Nevada,40776,-38.568545,-86.836996
Brandon Schaefer,28,1176 Parks Row,West Davestad,Connecticut,80686,-155.250565,76.715462
Shelia Hughes,33,01610 Franco Greens,North David,Nebraska,78444,-164.858623,72.693032
Ronald Nelson,28,82051 Allen Port,Taylormouth,Vermont,21762,-176.083516,-81.408267
Sharon Hayden,44,732 Palmer Pine,Sandrahaven,Kentucky,62558,8.739171,-68.869705
Kelly Pierce,76,8291 Monica Plains,Ginafort,Hawaii,53975,76.154176,60.8192985
Justin Duarte,31,83049 Reyes Prairie,East Kimberly,Michigan,76955,135.394958,11.9443985
Jorge Middleton,25,253 Chase Keys Apt. 593,Evelynton,New Hampshire,46200,120.639232,66.216110
Linda Lowe,68,09783 Gould Burgs,New Daltonport,South Carolina,88975,169.816945,45.402583
Elizabeth Gomez,50,74223 Shannon Mill,Cynthiaberg,Alaska,74423,149.285316,37.733691
Jerry Young,30,9191 Hannah Springs,Garciaburgh,Indiana,86584,33.174220,-77.271901
Jackie Mason,50,4879 Erin Manors,South Anna,Delaware,68900,-14.112414,74.502459
Melissa Smith,33,0149 Jackson Track Apt. 444,Port Jackside,Mississippi,68544,-87.496760,-2.5367765
Christy Scott,78,6294 Smith Cove Apt. 953,Brownside,Kentucky,45486,107.553079,-58.670084
Elizabeth Hamilton,33,4400 Wilson Rapids Apt. 818,North Danielview,Arkansas,20372,61.263337,-45.1345085
Danielle Hall,64,4726 Martin Spurs Apt. 731,Aaronfurt,Ohio,39053,36.837853,-19.4923145
Julia Wells,27,5848 Lopez Plain,North Aaronstad,Wisconsin,33096,7.931791,-78.8174085
Kendra Miller,51,714 Martinez Lodge,Serranohaven,Kentucky,83308,-102.780919,-74.369344
Nicholas Mcgee,66,4156 Tyler Dam Apt. 426,Carlberg,Oklahoma,78241,-52.151584,39.0330825
Daniel Howard,48,25926 Rebekah Estates Suite 020,West Shannon,New York,74673,101.115554,56.1248615
Michelle Scott,26,2752 Horton Square,Lozanoborough,New Mexico,97577,-157.690207,61.9188135
Theresa Johnson,59,501 Madison Cliffs,Leonbury,Indiana,26750,-153.326679,-32.304290
Michael Contreras,65,7850 Matthew Valleys,Michaelfort,Pennsylvania,63519,-105.421140,-52.1362805
Denise Bonilla,43,415 Denise Ports,Karichester,Colorado,75474,-11.243670,-48.491001
Victoria Williams,35,179 Scott Port Apt. 111,Sarahberg,Nebraska,54425,-19.485225,71.0705775
Linda Flores,41,9320 Shelby Creek,East Paulastad,South Carolina,95645,100.478833,28.1020875
Wanda Allen,72,4091 Philip Parks,Theodorestad,Alaska,89967,-36.364824,75.047977
Joseph Myers,33,3018 Larson Hollow Apt. 973,Martinezberg,Indiana,81720,20.023022,22.5009065
Christopher Ross,45,3255 Crawford Mountain Suite 534,Deniseshire,Missouri,03699,-109.478667,-1.4530845
Tammy Saunders,46,66575 Ashley Points,Christianmouth,Nebraska,13367,54.021572,-0.1122745
Mark Rodriguez,67,212 Atkinson Pike Apt. 598,Cherylberg,Wyoming,14068,168.007387,83.690811
John Hardy,39,84824 Smith Ridge,Mariaton,Utah,00909,28.022057,-53.9058515
Rebecca Moody,80,5982 Hanson Ports Apt. 414,Randymouth,Massachusetts,76169,103.918880,30.559060
Robert Huang,61,020 Nicole Trace Suite 451,South Joshua,South Dakota,28896,-72.817192,31.372275
Dawn Hebert,66,7189 Hoffman Alley Suite 966,West Brian,North Carolina,45872,-46.702410,53.047314
Isabel Logan,78,5918 Price Manors,Lake Shannon,New York,52459,-154.358987,88.3922275
Aaron Schultz,42,1754 Duncan Crest,Phyllisburgh,North Carolina,94490,116.281192,-76.868749
Thomas Baker,77,24305 Travis Lakes,South Victoria,New Jersey,01641,-130.722495,-80.826505
Allen Reed,71,36438 Castillo Turnpike Apt. 260,Tannermouth,Massachusetts,53672,34.328701,-37.495214
Tracy Gray,65,8798 Clark Turnpike,South Kenneth,Colorado,78089,-0.491585,-8.0468805
Bobby Silva,25,31544 Sharon Green,New Thomas,Oklahoma,36818,80.931608,84.6517335
Mark Norton,35,7712 Alyssa Passage Suite 104,New Kimberlystad,Pennsylvania,71361,130.530998,-51.6722565
Heather Moody,24,2227 Troy Cape,Cooperchester,Florida,12092,72.151800,22.0927995
Bobby Stewart,29,770 Garcia Lakes,Perkinsmouth,Maine,54641,-115.961756,26.9369195
Angela Bowman,55,04806 Colleen Walks,Lake Trevorport,Iowa,18347,60.148905,83.7681635
Kevin Smith,65,82331 Lester Glens,North Travisville,New Jersey,20616,179.118863,72.1216895
Erin Martinez,31,03061 Joseph Inlet Apt. 603,North Levifurt,California,91568,68.301457,-68.5933425
Brenda Carson,22,3048 Mooney Field,Port John,Illinois,55900,58.733438,-43.4953085
Kimberly Bailey,52,164 Melissa Stravenue Apt. 473,Diazville,Iowa,04387,-84.670668,-87.937918
Peter Wilson,37,4726 John Green Suite 724,Michellefort,Nevada,98668,168.163010,-28.2669005
Nicole Mccall,67,350 Marquez Groves Suite 187,North Markport,Hawaii,78808,-99.510895,-36.475790
Megan Smith,64,2913 Shepard Garden Suite 991,New Janet,Texas,31562,43.367689,55.984208
Kelly Holmes,80,2553 Franklin Summit Suite 711,Lake Steven,New York,87919,82.988867,-37.452561
Sandra Baldwin,34,0251 Henry Way,West Pamelabury,West Virginia,69196,-85.785039,88.920008
Emma Bell,45,351 Darin Alley,North Johnfort,Nevada,51611,-178.134787,48.0776805
Charles Maxwell,35,952 Mark Coves,Tatechester,Tennessee,08062,16.171900,-54.5029055
Leslie Rodriguez,44,8025 Burke Park Suite 608,South David,Florida,84820,1.426670,49.1308525
Joe Rodriguez,27,192 Montgomery Track,Morenohaven,Massachusetts,39811,-110.642834,3.3341505
Kimberly Johnson,36,4594 Melinda Spur Suite 375,Hunterchester,Massachusetts,01705,21.054518,60.245588
Tracey Mueller,63,13210 Wilkinson Loop Suite 136,Shawview,Pennsylvania,94613,10.004528,36.002521
Catherine Bentley,31,356 Heather Bypass,North Jeffrey,Connecticut,55766,-97.872544,48.846413
Justin Valdez,44,828 Morgan Garden,South Nichole,New York,00875,-78.739931,2.485588
Jennifer Vazquez,52,3169 Susan Union Apt. 631,Port Brian,Rhode Island,23171,-35.256787,58.2519995
Marie Frederick,73,653 Harris Mall Suite 631,Haleton,Iowa,56569,172.993957,45.750440
Andrea Cantrell,36,1158 Melissa Court Apt. 291,Port Dwayne,New Mexico,70812,108.424637,62.7502305
Ashley Patton,56,256 Scott Gateway Suite 661,Andersonburgh,Hawaii,74336,-68.972710,1.810433
Dennis Tucker,44,73459 Jones Ports Apt. 907,Lake Christopher,Rhode Island,68722,-79.554073,39.4288725
Robert Ward,50,77124 Laura Squares,South Theresamouth,Kentucky,13681,172.980407,21.160959
Rebecca Cook,25,1696 Williams Underpass,Watersview,Indiana,19939,-135.460596,-6.847456
Kenneth Brown,54,707 Brittany Locks,Smithfurt,Colorado,11995,-175.447200,-73.663558
Melissa Herrera,57,69550 Johnson Mews,West Jamesborough,Montana,23372,-23.612581,-66.1024185
Cassandra Bright,21,948 David Summit,Robinsonton,Oklahoma,72280,-104.921515,-38.1132805
Crystal Lee MD,51,0981 Barton Port Apt. 690,Port Cynthia,Massachusetts,67939,-94.830067,-61.868573
Robert Simpson,74,996 Miller Gateway Apt. 533,Irwinfort,South Dakota,50515,163.067762,23.720855
Jason Smith,26,0416 Laura Plaza Apt. 001,Lake Michael,Mississippi,28950,-38.018093,72.278750
Jeffrey Hernandez,61,6480 Julia Canyon Apt. 930,New Jamie,Louisiana,22436,3.632800,10.5823505
Christine Ruiz,24,4837 Jane Fall,East Philip,Arizona,70571,-63.461229,61.2772785
Henry Kelley,26,22426 Lopez Crest Suite 285,Oneillport,Nevada,11486,103.598230,55.425603
Bradley Torres,44,4437 Kyle Ports Apt. 675,Thompsonchester,Kentucky,04095,-61.157302,-27.1645045
Vicki Sanchez,26,79772 Barnes Mountain Suite 895,Maryton,Maryland,53855,-113.747233,-61.755444
Donna Brown,41,62387 Gonzalez Cove,Lake Albertport,Arkansas,34964,-17.909394,-68.3989845
Christopher Gordon,26,868 Hunt Court,East Michael,Nevada,50509,140.613223,-31.543854
Jacob Anderson,23,425 Mendoza Plaza,Sherriview,Wisconsin,47876,-165.935500,10.2727975
Brittany Torres,62,309 Fowler Squares Apt. 951,West Bobbyport,Arkansas,21326,155.460642,-3.835814
Michelle Knight,27,1159 Angela Radial,Alexanderbury,Delaware,33944,16.534380,-40.218919
Alexander Wise,56,62892 April Trace Apt. 494,Murrayside,Alabama,51470,61.967322,24.4883445
Juan Hood,23,701 Greene Summit Apt. 599,New Rebecca,Pennsylvania,66229,120.401134,72.847469
Sandra Taylor,74,1980 Whitehead Knolls,West Charlesmouth,Illinois,60505,49.613501,27.605792
Pamela Fuller,25,9238 Tricia Flats,West Barry,Illinois,23039,-35.127516,-56.029762
Rhonda Villa,71,7061 Gary Pass Apt. 330,Jonesfort,Kentucky,05325,36.980148,0.3904575
Jonathan Wallace,32,5116 Freeman Parkway,New Zachary,Pennsylvania,79791,13.232503,89.949236
Andrew Richardson,41,752 Patel Expressway Suite 977,East Todd,Texas,09235,-41.250060,25.1501225
Brian Parker,22,22996 Ryan Mills,South Alexandra,Alabama,68015,-81.494362,-63.547602
Rhonda Frazier,69,282 Kyle Well,Jesseton,Texas,69170,-126.870850,10.4380015
Amanda Jordan,71,776 Gutierrez Forest,Port Daniel,New Hampshire,53492,58.408539,-0.2234225
Shannon Roberts,31,1732 Lawrence Camp Suite 856,South Nicolechester,Montana,28658,78.576680,13.027160
George Bennett,58,9460 Fernandez Mountain Apt. 837,Mercadoview,Nevada,68387,-7.508248,-54.449163
Dylan Douglas,48,195 Smith Lake Suite 518,Port Gregoryborough,Oklahoma,85020,33.919839,20.9971275
Bethany Carter,71,073 Judy Manor Suite 030,Lake Stacey,New Hampshire,70612,140.067297,25.641775
Alexandria Luna,61,486 Natalie Land Suite 438,South Loganmouth,Minnesota,43126,6.272309,-82.4588025
Madison Zamora,80,9223 Hammond Springs Suite 697,South Tamara,North Carolina,46881,77.412268,-20.660923
Teresa Chambers,72,58548 Wood Wells Apt. 677,Theresaberg,Missouri,48866,-163.723622,11.7704875
Randy Romero,64,80647 Martinez Run,Wallland,Mississippi,91936,-172.954377,-72.151865
Connie Smith,59,6882 Fox Plaza Suite 833,Lake Victoria,Maine,40697,162.411143,-65.721620
William David,34,67771 Spencer Well Apt. 352,Stephanietown,Oklahoma,88237,-49.326858,-0.4277605
Martha Yates,59,6447 Turner Forks Suite 902,East Veronicatown,Minnesota,85143,-90.954354,-31.042033
Miranda White,31,04732 Diaz Estate Apt. 523,Camachoside,Alabama,56734,-16.476185,4.565551
Patricia Valencia,24,2408 Jackson Stravenue,East Donnafort,Washington,63434,159.107757,53.4428125
Annette Hickman,44,236 Jesus Ford,West Morgan,Hawaii,36673,-34.014502,-79.3620805
Michele Sanders,19,514 Zachary Camp Suite 185,Jonesshire,Maine,05601,-73.140081,-35.850087
Rachel Sherman,56,215 Dale Prairie Suite 932,Sarastad,Ohio,44411,110.722542,62.2903045
Jordan Lynn,80,022 Jeffery Locks Apt. 533,Josephview,Nebraska,51988,-134.846816,-81.3364895
Michael Woods,21,34569 James Terrace Suite 095,South Colleenhaven,New Mexico,71965,-64.437307,43.7872775
Julie Rollins,53,0748 Randy Knolls Apt. 592,Port Catherine,Colorado,87479,159.398846,60.3642635
Deborah Reynolds,69,5522 Jordan Ridges Apt. 058,Port Triciaburgh,Indiana,01589,-171.425460,-63.954844
Shannon Zhang,74,71754 Jerome Lake Apt. 396,Bridgesview,Massachusetts,33356,151.899156,84.442578
Corey Smith,37,24658 King Glen Apt. 752,Port Davidshire,Louisiana,15493,94.205664,-72.594182
Kristine Lee,62,4945 Harrison Ville Apt. 797,South Meghan,Texas,17369,74.569310,-80.8782855
Steven Butler,54,02049 Thompson Harbors,Berryfort,Colorado,73309,-100.422380,-78.727721
Scott Maynard,24,118 Mccoy Fields,New Jacobberg,Missouri,57755,-121.011920,65.6415375
Christina Hill,51,93847 Dawn Flat,Lindsayport,Texas,33280,-113.256652,-0.9178265
Tina Elliott,18,59340 Carter Road,Port Nancy,Kentucky,06660,-66.426327,41.6397045
Denise Conner,71,4925 David Streets Suite 468,North Staceyberg,Kansas,72370,111.918134,-21.5171675
Jessica Higgins,18,13346 Cross Lock,West Andrea,Oregon,43590,-57.091683,48.9121505
Ronald Morales,22,79475 Carrillo Plains,Angelastad,Kentucky,39478,-27.198574,54.975819
Jon Myers,69,42526 Burns Stream Suite 279,Port Ryan,Virginia,68112,-140.368203,32.7639515
Trevor Guerrero,23,62295 Hernandez Centers Apt. 873,Mccoystad,Tennessee,59856,-122.104909,-65.3714105
Sarah Lindsey,60,880 Kevin Flats Apt. 213,East Juliaside,South Carolina,78609,-108.686242,12.9929985
Rebecca Sanders,48,8675 Scott Place Suite 595,Alexisburgh,Wisconsin,51798,-34.146052,-80.1690745
John Bautista,35,8367 Jessica Harbors Suite 190,New Andrewland,Kentucky,02904,61.040776,18.254351
Robert Aguilar,26,3120 Stanley Flat,Austinburgh,California,87262,158.361881,-38.943724
Julie Scott,44,005 Jackson Centers Suite 110,North Ryan,North Carolina,48731,87.061222,-35.4655955
Victor Brown,32,059 Jones Station,North Paul,South Dakota,18150,38.709260,-16.8119155
Sean Walsh,69,568 Charles Isle Suite 690,New Rodney,New Mexico,59798,56.826697,-83.2730485
Karen Smith,46,1425 Bullock Mountains Apt. 336,Grayberg,Arkansas,56021,-120.801679,-63.8529475
Lisa Estrada,51,64082 Morales Drives Suite 569,Reyesmouth,Maryland,45246,146.096096,-54.7774385
Elizabeth Jones,31,2311 Wright Knolls,Johnsonmouth,Arizona,67001,-9.599483,86.166578
Steven Cooper,19,0467 Diana Gardens Apt. 207,North Christopher,Colorado,89056,165.249890,32.819983
Lynn Gomez,65,60848 Kimberly Mount,Michelletown,Washington,31233,-13.052641,-68.544665
Christina Washington,26,4541 Jimenez Motorway Suite 827,Annside,Tennessee,50646,-48.023168,-56.846328
William Williams,78,61674 Hicks Corners,South Natasha,Connecticut,36489,-98.683037,5.0273915
Nicholas Lewis,66,934 Sean Mall,Morrisfort,Alabama,18052,56.340617,-68.723770
Nicole White,35,806 Hammond Crescent,Francesmouth,Utah,41989,-110.046862,-36.4651585
Lisa Yang,26,2457 Anderson Creek,Patrickland,South Dakota,66824,30.672649,-85.5368565
Matthew Murray,42,6650 Johnson Manor Apt. 312,Nancymouth,Arkansas,16072,-0.407333,25.821027
Donna Black,25,2094 Terrance Station,Port Claudia,New Jersey,06390,-114.590493,-8.1061255
Angelica Robbins,66,46676 Douglas Lock,Youngport,Nebraska,66219,-153.598169,-56.2356645
Wesley Smith,19,7405 Julie Glen,Lake Timothy,Michigan,88690,156.554883,-79.8429265
Cassandra Smith,29,29278 Eric Lakes Suite 388,Joyceburgh,Maryland,62714,-178.947646,22.8945955
Amanda Cox,52,057 Kristina View,Christinahaven,Vermont,05466,139.417747,65.9833245
Jacqueline King,40,644 Benjamin Run,West Lynnton,South Carolina,59118,-103.593428,-22.0980285
Christina Mcpherson,53,06125 John Squares Apt. 830,Pateltown,Alabama,38186,34.909981,-52.4840745
Nicole Proctor,21,81969 Davis Orchard,Lake Christopher,Colorado,57607,-149.778871,35.7313415
Jessica Medina,48,7803 Hernandez Light Suite 004,New Ernesttown,Montana,14128,-20.157351,89.9810275
Jean Park,42,173 Blackburn Shoals Suite 461,Lake Amy,Maryland,54409,102.175183,-75.9954075
Thomas Williamson,52,807 Brad Gardens,North Shannonport,Alabama,02283,141.936329,25.048434
Ronald Ford,39,8955 Roberts Pass,Chenville,Montana,58160,9.838892,72.4935655
Gerald Rodriguez,37,148 Travis Mountains,Vargasview,Wisconsin,95544,1.816123,16.2945605
Alexander Hernandez,20,137 Timothy Bridge,North Benjaminport,Pennsylvania,92587,-110.218626,58.0498155
April Williams,47,8632 Jennifer Squares,North Timothyborough,Georgia,16188,-169.855898,75.0732035
Aaron Chapman,45,1822 Hamilton Lakes,West Stacey,New Hampshire,45509,57.757530,70.441814
Cody Gonzalez,44,4214 Kelly Greens Apt. 486,Kevinview,New Hampshire,23892,-168.297834,-77.0667935
Jennifer White,65,771 Justin Estate Suite 967,Port Matthewtown,Pennsylvania,67938,-140.147742,85.3681075
Jeffrey Murray,70,922 Weaver Coves Apt. 732,Michaelborough,South Dakota,33581,10.991047,-47.420124
Samantha Johnson,38,887 Johnson Valleys,East Jenniferfurt,Massachusetts,62547,-123.262241,57.1345875
Julie Martin,21,30632 Peterson Spring,Chaseville,Arizona,12832,155.728611,-24.3645035
Travis Velez,26,05888 Kline Inlet,Port Sherry,Michigan,70844,-74.036536,77.9200045
David Fields,19,8831 Matthew Spurs Apt. 164,Foxshire,Oregon,05509,-10.722923,-0.030693
Ryan Conway,24,6428 Janice Stravenue Suite 765,Jacksonshire,Delaware,44719,-111.134685,-14.0397655
Gregory Christensen,37,44249 Moon Skyway,East Melissaside,Alabama,67524,-7.827526,-77.6195305
James Crawford,80,86539 Nancy Skyway Apt. 868,Mcdanielstad,Michigan,46807,22.054707,16.406038
William Meza,66,2020 Watson Trail Suite 636,Roblesfort,Michigan,96541,-64.301251,82.715498
Alexander Diaz,42,028 Schmidt Mews,North John,Florida,27228,-13.280191,62.1519465
Philip Munoz,30,225 Flowers Stream,Espinozaview,Virginia,68929,-6.466902,21.3906895
Eric Duarte,34,770 Erin Meadows,East Annamouth,Georgia,10050,103.463631,46.0196885
Deanna Ashley,34,9842 Matthew Springs,Lesliefurt,Connecticut,82539,-1.948317,3.5701115
Gregory Flores,41,114 Green Circles,East Josephfort,Indiana,14379,177.671785,31.795351
Jennifer Collins,30,374 Rasmussen Street,Obrientown,New Jersey,62282,-32.301623,28.213833
David Flores,18,76100 Michael Trafficway Suite 189,Seanview,Pennsylvania,32830,128.395712,78.104874
Sarah Robinson,58,593 Harris Camp,Ashleybury,Tennessee,83385,-52.100392,-30.8361265
Kelly Wright,60,676 Torres Viaduct Suite 507,South Veronica,Arkansas,62272,-74.441964,-76.2468745
Edward Ortiz,57,6510 White Plain,Fostermouth,Nebraska,07651,-115.138270,-34.467271
Shane Wright,18,6003 Heather Ford Suite 178,North Maryside,Idaho,08086,-4.428584,-49.107381
Stephen Yates,31,853 Hickman Freeway,North Jamesfort,West Virginia,54190,32.743524,26.916818
David Watts,64,727 Angela Mills,Lake Calvin,Idaho,21861,118.240862,-68.845882
Leslie Brown,69,06804 Peggy Underpass Suite 793,Kelleymouth,Maine,33519,-55.163316,86.4966555
Brandon Hood,50,0230 Karl Divide Apt. 327,Evanville,Wisconsin,26317,118.640274,81.7896715
Jamie Perez,45,2951 William Knolls Apt. 503,Barreraborough,Idaho,69863,-48.700008,-51.327786
Thomas Le,18,4726 Frederick Road,Priceview,West Virginia,44516,-35.310350,34.981353
Manuel Casey,37,2272 Jeremy Locks Suite 544,Williamsborough,Arizona,03455,66.284327,35.2885605
Steven Tran DVM,31,50252 Tyler Springs Suite 385,Fitzpatrickmouth,Massachusetts,61629,47.644355,-32.852967
Ricardo Mathews,64,931 White Dale,Susanport,New Mexico,99106,149.632443,-84.555802
Donald Sutton,32,26062 Rebecca Ramp Suite 288,Lake John,Wyoming,25632,-117.481139,56.9991875
Pamela Roberts,80,1984 Shannon Cape Suite 998,Meganburgh,Indiana,40185,133.126044,-56.4933195
Jon Petty,47,6137 Stevens Radial,West Traciville,North Carolina,84657,116.251763,-31.313505
Kelly Hudson,43,744 Hall Via,West Michaelmouth,Louisiana,47844,78.832269,-77.3441175
Alex Davis,76,5554 Bright Isle,Meyerport,Texas,13851,-122.543856,64.5966985
Brittany Mendoza,55,3338 Melinda Estate Apt. 991,Foxside,Missouri,33560,-166.616068,36.4897145
Brian Santiago,57,16901 Amanda Neck,Odonnellfort,Maine,85564,-18.723595,70.5210785
Brian Roberts,68,376 Heather Islands,North Patrickchester,Florida,71982,-54.935796,55.699551
Jason Castro,41,59356 Carroll Trace,Kyleton,Mississippi,69882,40.438367,-36.2073475
Logan Martinez,39,64116 Rebecca Manor Apt. 878,Lake Karenbury,Minnesota,30261,-175.441792,-26.662348
Gail Johnson,18,9567 Samantha Locks,South Carmen,Illinois,40486,178.061990,35.3188495
Angela Holmes,70,1006 Justin Lakes,Jasonchester,New Hampshire,26007,38.208810,-27.021249
Ryan Curry,47,259 Martinez Glens,New Katiemouth,Louisiana,99914,-169.461371,88.293934
Lisa King,32,06443 Martin Mission Apt. 734,Robbinsbury,Oklahoma,54193,-170.953226,-56.414524
Patrick Fox,23,521 Johnston Lights Suite 148,South Ashleytown,Maine,91609,130.545298,21.581512
Michael Glass,26,9553 Mahoney Rapid Apt. 369,Matthewsfurt,Nevada,00795,-7.819237,3.929712
William Levy,58,89157 Morris Square Suite 809,Rachelville,North Carolina,34259,95.033528,-45.6651295
Olivia Aguilar,21,579 Michael Lights Suite 058,Aaronburgh,New Hampshire,60127,66.679161,88.839665
Bryan Brown,46,709 Austin Knoll Suite 047,Codyhaven,Texas,14304,-123.439654,-36.885762
Rebecca Bowers,61,240 Timothy Lock Suite 382,Brandonmouth,North Dakota,64838,-164.559027,78.1013535
Erica Terry,37,09526 Stephanie Highway,Davidmouth,Michigan,40993,-132.878806,52.6322385
Stephanie Roth,45,43117 Haas Mill Suite 831,East Jeremybury,New Mexico,71342,-35.701293,45.5471795
Kelly Miller,38,4256 Blake Corner,Sarahmouth,Iowa,78705,99.296720,43.717667
Matthew Moore,53,990 Kelly Square,West Mariah,Kansas,45536,-48.693040,-0.8431175
Christopher Martinez,38,90698 Crystal Lights,Adamton,Louisiana,50477,88.713439,-50.916629
Angela Brown,48,871 Larry Fords Suite 004,Wongland,Nevada,75931,31.496331,86.647504
Gina Acosta,58,41469 Rodgers Rapids,Clarenceville,Pennsylvania,46493,19.326023,16.1476645
William Callahan,45,46720 Amy Corner,West Wanda,South Carolina,53017,-127.777465,9.2162095
Tyler Ellis,44,396 Carol Loop Apt. 402,Lisaborough,Utah,16954,-14.277738,-14.377455
Heather Gross,48,92380 Gary Point Suite 955,New Dawnmouth,North Dakota,69174,-80.990277,24.426398
Lisa Clark,32,169 Bolton Stream,Lake Timothy,Michigan,04268,133.942981,-27.091602
Michael Olson,52,67498 Estes Viaduct,Melanieberg,New Jersey,90453,-6.265956,36.710831
Crystal Leach,21,45965 Taylor Crescent Apt. 292,North Williamberg,Ohio,01002,160.311366,23.9533855
Monica Cruz,29,503 Reynolds Mountains Suite 604,South Kimberly,Nebraska,76597,156.088639,13.484522
Mark Galvan,56,77268 Hart Underpass,Anntown,Vermont,23219,101.960477,-9.022653
Lindsey Moore,31,5116 Stuart Canyon,West Breanna,Colorado,19495,156.135917,-49.806134
Pedro Lewis,47,5349 Kristina Union,Halltown,Rhode Island,88090,148.505182,-85.209783
Sarah Poole,30,3041 Harrison Common,East Charles,Wyoming,60493,112.666189,81.6974245
Mrs. Monica Miller,74,2213 Kim Alley,South Melinda,Iowa,33390,24.933046,5.4330715
Robert Rocha,55,466 Kristopher Grove Suite 787,New Samueltown,Maryland,09163,39.214713,-71.163486
Nicholas Castaneda,18,9646 Emily Ridge Apt. 866,Williamshaven,Delaware,42527,41.951039,-58.2471635
Eddie Johnson,49,473 Waters Point Apt. 268,Yolandabury,Nevada,99645,125.123213,-57.0604215
Judy Gallagher,38,539 Garcia Flats,Santiagoburgh,Nevada,66873,-107.702806,84.553838
Justin Sharp,33,48540 Cervantes Views,Lake Angela,Hawaii,85878,141.882973,-68.126071
Dawn Marsh,52,613 Kaiser Bridge Suite 292,Garyborough,Mississippi,41067,-79.701460,29.818761
Tracy Martin,66,2423 Pamela Islands,Zacharyview,Minnesota,51754,149.554441,48.815007
Sandra Rowland,42,9920 Robert Alley,North Kristen,Texas,55515,-44.547396,-35.218595
David Mendoza,47,04843 Harold Court,Youngside,Arizona,16599,-162.801353,-14.828661
Adam Alvarez,69,7098 Gallegos Forest Suite 791,East Susanshire,Connecticut,15927,-166.517760,-89.175635
Dr. Shannon Ramos DDS,52,19217 Miller Lock Suite 261,Lake Justinmouth,New Hampshire,11309,-150.829751,-85.393410
Amy Hunter,53,0572 Bennett Square Suite 619,Wrightberg,Connecticut,97097,139.637311,66.3061015
William Miller,78,60735 Delgado Spurs,Gonzalezfort,Colorado,71004,101.868319,25.235735
Mary Ferrell,44,88265 Gregory Court,East Kennethfurt,Virginia,02071,-79.324671,62.8605265
Jay Parker,42,26112 Nancy Village Suite 168,Perryfort,Louisiana,68301,158.259610,89.383804
Louis Weaver,44,7169 Rivas Village Apt. 457,North Carolyn,North Dakota,03645,-103.585646,26.058935
Laura Wood,19,50391 Soto Village,West Lori,Colorado,20224,7.166215,-33.0550915
Ryan Schwartz,28,41508 Henry Mountain,Huntermouth,Kansas,53008,-83.904794,64.9366205
Jeffery Dunlap,51,070 Willis Keys Suite 293,South Shane,California,67981,-22.326290,-34.347902
Philip Miller,45,3661 Thomas Oval,Josephmouth,Nebraska,86369,89.778511,14.4630705
Nicholas Patton Jr.,38,608 Denise Village Apt. 152,Katherinechester,South Carolina,45031,-13.112701,45.3133045
Christine Hampton,68,358 Seth Mall,West Melodyburgh,Georgia,32705,89.467305,16.6799185
Debra Mcclure,62,22012 Waters Via Apt. 096,Jenkinsmouth,Oregon,33122,-84.866564,72.945565
Dr. James Baker,65,751 Armstrong Harbors Suite 818,East James,Arizona,06871,-55.299335,-43.8029025
Kristina Singh PhD,71,26502 Peter Mission,Millerport,New Jersey,03811,-49.318783,54.0415175
Amber Smith,61,94844 Hines Villages,North Dianeton,Colorado,91800,156.433762,84.486032
Diane Middleton,47,096 Gomez Drive Suite 256,Sherryborough,Florida,46507,52.167653,-86.1673655
Dawn Reyes,48,931 Jennifer Grove,Jeanton,Delaware,93964,94.767559,41.021832
Derek Nunez,51,906 Matthew Brooks Suite 247,Brandonmouth,North Dakota,85847,14.264115,-66.243857
Victoria Lewis,67,81730 Andrew Harbors,Kristaside,Wyoming,35149,-56.593236,77.506794
James Smith,32,650 Mason Crest Suite 382,Huynhborough,Florida,88147,-69.516883,-36.3478145
Michael Roberts,29,283 Emily Wall,Lake Teresa,Idaho,26918,-164.508076,23.8064415
Joshua Nguyen,80,4955 Angela Garden,East Victoria,Virginia,92817,178.442976,38.2289195
Jacob Campbell,52,46125 Owen Garden Suite 762,New Sydney,New Mexico,34886,15.234037,-76.9407875
Mark Bush,68,7875 Sarah Mall Suite 563,Lake Ashleystad,Arizona,99632,-68.838208,82.546327
Patricia Nixon,46,86015 Richard Point,New Dennis,New Jersey,35524,-113.858732,78.3531715
Mrs. Danielle Hamilton,49,787 Coleman Center,Desireeland,California,88971,28.084455,-73.901251
Martha Martinez,70,8244 Evans Brook,Juliefort,South Carolina,77492,42.297071,51.2578815
Alison Johnson,52,7210 Jerry Glen Apt. 981,New Lesliebury,Minnesota,20198,55.326659,33.674815
Ashley Hall,44,91017 Brooks Key Apt. 277,Port Josephfort,Georgia,62289,98.148707,16.3532465
Gregory Martinez,21,35481 Craig Flats Apt. 711,West Randall,Missouri,88941,94.313281,20.8038705
Daniel Gilbert,70,371 Ruiz Crest Apt. 139,Port Peterhaven,Maine,25697,-84.127059,73.0872025
Cynthia Strickland,30,5872 Stafford Neck,Lake Rachel,Kentucky,34609,5.490003,-15.8565465
Tony Williams,48,71747 Alice Throughway,New Kimberly,Kentucky,01621,162.063694,34.254881
Kimberly Morris,67,340 Harvey Road Apt. 939,New Deborah,Indiana,28385,39.179420,-4.5193215
Angela Frazier,65,8131 Burnett Creek,East Katherineland,Wyoming,82718,-5.299620,32.1325845
Brooke Rogers,61,42161 Douglas Plains,Jillview,Maine,48894,164.938204,84.589759
Kyle Lyons,78,404 James Lodge Apt. 106,New Steve,Virginia,89214,-33.744541,36.615763
Dr. Kara Walker,49,530 Jennifer Port Suite 660,Dominichaven,Pennsylvania,22514,163.415971,84.178553
Todd Montgomery,39,259 Patrick Ford,Alexisfurt,Massachusetts,70851,87.508132,28.653106
Debra Barber,78,1809 Laura Union,South Barbarastad,Virginia,03141,15.309940,-82.2700205
Scott Mays,69,394 Davis River Suite 002,Danielton,Arkansas,03036,-59.813097,30.0089055
Shelia Lambert,76,107 Angela Vista Suite 654,Port Lisastad,Colorado,48999,23.561609,-49.6784745
John Gardner,69,4826 Pamela Islands Apt. 711,Alejandrobury,Maine,77847,80.997036,-4.2237785
Carlos Thompson,42,65445 Smith Land Apt. 051,Nancyville,North Dakota,63240,66.188215,-35.1027355
Johnny Jackson,57,44960 Montgomery Drive Apt. 425,Lamberthaven,West Virginia,15479,29.788861,23.357449
Christine Pruitt,44,655 Campbell Bridge,Olsonport,Wyoming,21375,-176.367208,32.4279225
Robert Russell,73,42445 Mcdonald Expressway Suite 910,Cookfurt,Texas,49343,126.777802,-1.9044855
Luke Savage,47,483 Reid Pines Suite 696,Andreatown,North Dakota,87278,-104.630291,-39.6374285
Nicholas Escobar,75,9572 Berry Row,Doylefurt,Louisiana,81063,79.111061,-23.903653
Brandon Harrington,48,973 Johnson Square,Pearsonhaven,California,65903,-64.764504,11.3557095
Christina Cervantes,52,7546 Ross Falls Apt. 024,Chloehaven,Colorado,30076,117.551574,55.111290
Ronnie Cohen,27,56343 Anderson Junction Suite 886,Port Ryan,Connecticut,67960,77.022244,-52.813575
Debra Hawkins,57,734 Good Valley Apt. 433,Davidmouth,Nevada,57893,118.974785,20.1633955
David Mcdowell,68,400 Amy Ferry,Wilsontown,Arizona,41839,98.939044,15.1891035
Elizabeth Sandoval,53,9778 Horton Lodge,Tuckerstad,Kentucky,27005,127.378983,-4.190907
Daniel Schultz,22,50451 Stacey Cape Apt. 874,South Gabriela,Illinois,83977,-30.495514,72.834549
Sandra Decker,69,3694 Murphy Divide,Hopkinsmouth,Tennessee,09336,-138.807031,81.4677935
Daniel Arellano,38,23368 Kimberly Park,Abigailland,Maine,49491,91.715862,78.075706
Sergio Pittman,33,1479 Reese Greens,East Annshire,Hawaii,94054,-103.552257,-38.494310
Michael Spears,58,556 Clarke Walk Suite 661,Hartmanhaven,Nevada,26588,-159.494937,15.259073
Daniel Silva,25,740 Edward Estate Suite 652,South Stacie,Indiana,71594,26.758445,-5.572228
Alicia Swanson,27,8553 Jeremy Turnpike Suite 511,Richardville,Hawaii,70969,-130.713318,-73.266236
Brittany Moran,23,520 Jose Motorway,Lake Tyler,Oregon,21819,32.834780,-59.376507
Charles Fernandez,66,088 Medina Turnpike,East Kevin,North Dakota,33605,117.495600,41.921687
Tony Moore,49,0283 Phillips Corner Suite 689,Port Keith,Nevada,45383,35.999386,89.812355
Samuel Foley,38,1654 Murray Ridge Suite 986,Gonzalesburgh,South Dakota,63184,152.125816,-77.6055425
Frank Martin,26,9818 Ramirez Inlet Apt. 612,New Elizabethburgh,Florida,09168,-8.745649,84.4139095
Maria Torres,59,2397 Foster Expressway Apt. 505,Cortezberg,Nebraska,67732,-119.416386,39.800163
Diana Jensen,28,13719 Robin Brook,Brandichester,Virginia,58603,109.495126,27.0171535
Maria Mitchell,27,0450 Stevenson Mews,East Stephanie,Idaho,76453,-89.234018,-67.272586
Terry Marquez,29,859 Smith Brook Suite 631,Stephanieberg,Colorado,65931,43.074751,50.524082
Lauren Powell,27,815 Baker Route,New Georgeville,Oregon,14473,-131.369604,16.1383385
Ryan Mueller,80,12055 Mcdonald Green Suite 202,Port Lindsey,Washington,10835,112.894061,23.6663735
Frederick Jones,29,9099 Harris Tunnel,Valeriefurt,Wisconsin,44035,-93.419817,-54.2122105
Anthony Tanner,22,65116 Phillips Corners Apt. 648,New Clarencebury,Oregon,30629,-5.929220,-43.622032
Keith Mayer,79,161 Daniel Turnpike Suite 717,North Robert,Louisiana,89387,-151.558421,36.4364085
Michael Jones,34,07839 Joshua Court Suite 426,Valencialand,Arkansas,13886,-10.285642,85.622567
Austin Peterson,43,5959 Robertson Views,Lake Marybury,New Mexico,15019,24.544434,-7.711028
Edward Nichols,45,571 Carmen Brooks,Welchmouth,Colorado,03097,122.071564,-39.347299
Gregory Butler,42,814 Danielle River Apt. 560,North Kimberly,Florida,67312,165.914625,32.561802
Lisa Brown,76,737 Scott Oval,Taylorland,Minnesota,31542,137.739283,-32.5310825
Bradley Johnson,34,68238 Jill Crossroad Apt. 023,New Joseph,Oregon,89186,-116.796148,-55.248194
Matthew Wilkins,79,308 Jesse Courts Apt. 869,Loganton,Virginia,13314,117.169177,-36.3080855
Douglas Massey,65,77064 Lee Greens Apt. 123,New Amandaton,Kentucky,65460,-168.201807,-87.588776
Allen Wells,68,3240 Brian Avenue Suite 222,Khanside,Delaware,07463,-152.711015,-21.925177
Dan Henderson,31,0944 Joshua Crescent Apt. 446,Colehaven,Hawaii,52016,-53.004577,73.8739685
Gary Rose,30,556 Reynolds Stravenue,Kathrynstad,Wyoming,00975,-18.289745,-59.3130845
Debra Maddox,59,031 Angela Canyon Apt. 677,Harrisport,North Dakota,95249,-61.007393,-12.1896615
Amy Lopez,57,225 Brown Junctions Suite 667,Lake Devintown,Nevada,74799,-121.135197,15.6924655
Tyler Wade,20,848 Kerr Wells,Lake Vincent,Ohio,38550,-49.354565,3.208649
William Miller,54,628 William Wall,North Michelle,Rhode Island,57006,-56.210543,23.011429
Danielle Martin,46,41866 Melissa Courts,Williamsberg,Wisconsin,16615,-112.613616,40.9667735
Michelle Hoffman,70,0986 Martinez Flat Apt. 617,North Steve,Minnesota,16413,-175.743184,-81.1776845
Mark Torres,44,09068 Jennifer Plains,North Laurie,Colorado,51439,52.803838,-26.927743
Eric Arnold,73,164 Douglas Shores Suite 906,East Kendraborough,Vermont,89574,113.967760,84.3324245
Deborah Fernandez,47,4580 Wright Course Apt. 563,East Brandon,Idaho,34224,-173.311584,-84.643538
Wendy Griffin,24,4926 Omar Mountain Suite 792,Carolton,South Carolina,58679,48.581811,2.100483
James Rodriguez,51,9062 Lee Pines,New Heatherborough,New York,95660,111.007288,-45.328755
Victor Brandt,27,932 Ashley Haven Apt. 539,Sharistad,Montana,87320,143.583846,80.728999
Brittany Salinas,19,5479 Dawn Ville,Cruzland,Virginia,54937,52.052040,54.5534895
Doris Anderson,20,433 Jeanette Square,Port Kimberly,Alabama,65686,-44.362892,71.751223
Christopher Higgins,53,5270 Richard Oval Apt. 444,North Michelle,Missouri,24688,101.885073,-15.881199
Sarah Turner,53,567 Justin Stream Suite 055,Marthabury,Delaware,87010,41.235963,-8.943257
Patrick Griffin,46,5393 Castillo Falls Suite 497,Lopezland,Hawaii,20009,-152.677783,-31.606114
Jenna Smith,23,38167 Morton Streets Apt. 763,Michaelfurt,Wisconsin,23993,119.004108,-59.207293
Laura Cooper,18,205 Eric Fields,Lake Jeremiah,Colorado,37538,-175.327547,62.8384305
Susan Thompson,60,7599 Saunders Village,Edwardland,Utah,31392,-106.298714,-20.0314875
Joshua Reynolds,69,983 Allen Greens,Bryantville,Missouri,53364,170.284177,-39.150576
Wanda Mclaughlin,74,2645 Tanya Wall Apt. 399,Gomezton,Kansas,37420,33.207573,-15.1068485
Eric Rivera,25,315 Gonzalez Estates Suite 384,Lake Stephaniefurt,Michigan,08447,-168.100339,9.494055
Margaret Brown,25,9177 Navarro Wall Apt. 929,Amandatown,South Carolina,25522,149.101901,48.658633
Heather Bender,25,138 Moreno Drive Suite 613,Blairburgh,California,35555,137.067292,52.5320695
Steven Jacobs,48,55708 Zachary Union Suite 489,West Josephbury,Kentucky,44509,-165.723004,-57.5646495
Ruth Osborne,79,476 Jessica Turnpike,Danaburgh,Montana,85030,121.756396,3.925611
Michelle Carter,31,73125 Sean Dam,New Meganshire,North Carolina,20355,-67.001687,-54.7069485
Brittany Neal,51,078 Jacob Walks Suite 878,Kylebury,Minnesota,07790,86.560225,24.1490175
Nicholas Washington,58,9497 Thomas Plain Suite 056,Davistown,Alabama,62291,148.758261,-85.2966785
Anthony Stephenson,76,3093 Moran Vista,Danielshire,New Mexico,69035,77.324191,-87.6700765
Adam Stone,47,2129 Jessica Shores,Smithburgh,Nevada,49978,162.472098,-33.3037695
Erin Roberson,77,6825 Brown Port,South Jacob,North Carolina,86525,67.634415,86.5466065
Kathryn King,75,2414 Samantha Street Apt. 383,Brendastad,California,82137,145.136310,-81.887342
Heather Ramirez,58,3338 Kelley Mission,Elizabethburgh,Colorado,03692,-134.623941,-49.1323615
Jennifer Johnson,47,859 Patton Stream Apt. 451,Richardton,Ohio,89142,-96.318283,35.667336
Michele Warren,64,09543 Martin Plaza Apt. 927,South Michelle,Oregon,44337,-59.083862,44.080468
Brandy Mahoney,21,33630 Pham Mountains Apt. 154,Willieside,Kansas,71252,124.831940,-40.669168
Sara Cole,50,1861 Sarah Villages,Kristinatown,Virginia,87521,138.192319,67.190225
Nicholas Thompson,76,20772 Dominique Mall,Dianeburgh,Indiana,97919,-170.838159,-85.4217805
Jeffrey Small,72,639 Jones Parkways,Olsonfort,Minnesota,42535,-57.363744,20.2152665
Chris Gould,43,948 Banks Rapids Suite 383,Rachelhaven,Rhode Island,29949,-104.755837,20.0781225
Cory Clark,78,54085 Ferguson Cape,Jamesbury,Tennessee,35256,116.140381,-40.276899
James Matthews,38,12716 Dwayne Port,Port Cheyenne,Illinois,50157,-73.893432,53.4897525
Justin Nelson III,57,42931 Glenda Extensions,New Normaberg,Illinois,53278,30.789986,80.740497
Caitlin Baker,55,2197 Johnson Wall,New Jacqueline,Maine,46622,-7.842089,-61.2535875
William Brewer,51,135 Anderson Valley Suite 655,West Annette,Missouri,06674,-43.624615,-13.260677
Donna Allison,46,426 Jeffrey Creek,Kirkshire,Iowa,98225,120.493772,43.3121415
Cameron Smith,72,73661 Sara Wells Apt. 174,Port Reginaland,South Carolina,71444,-112.011369,-23.590823
Amy Craig,28,15286 Perez Viaduct Apt. 344,Pageborough,Iowa,47111,-44.852553,51.4728435
Jason Hanna,66,629 Brian Meadow Apt. 672,Clarkfort,New Jersey,74895,121.498687,-88.6265345
Mark Leon,25,3589 Rhonda Pines Apt. 285,Gonzalezburgh,Ohio,21858,168.981855,1.7130435
Shelley Watson,63,481 Atkins Bypass,Bonniehaven,Hawaii,06090,-162.300717,71.313722
Sara Aguirre,62,37321 James Lock,Gibsonborough,Arizona,09536,18.537615,-57.1514735
Ryan Montoya,45,2810 Oneill Lights,Jamesville,Indiana,68165,-102.398653,-1.2529305
Alex Garcia,24,9230 Perry Spurs,East Katelynport,Arizona,25753,69.826958,-6.029986
Mr. Collin Garza,80,36423 Harvey Greens Apt. 482,South Rhondaberg,Nevada,28752,77.647898,-33.982225
Christine Boyd,74,457 James Meadow,North Jason,Rhode Island,32329,63.799078,19.6553935
Brooke Edwards,47,1464 Jackson Point Suite 364,Port Michael,Kansas,28812,52.116834,-74.025980
Caitlin Barr,34,883 Alexander Points Apt. 045,New Elizabethtown,Nebraska,68539,164.877275,0.7833235
Tracy Turner,57,9398 Bennett Trafficway,North Angelicafort,Missouri,98812,45.145806,55.510163
David Hunter,74,204 Matthew Highway Apt. 754,Vaughnshire,Ohio,83039,17.362646,39.4581705
Joshua Duarte,41,306 Adrian Key Suite 189,Port Robertachester,Vermont,20611,52.500556,33.427727
Jennifer Cisneros,69,049 William Canyon,Kristenshire,Oklahoma,30140,14.369146,-44.424489
Jennifer Eaton,39,3794 Monica Road,South Kiara,Ohio,27312,-109.131251,-19.3445115
Peter Richardson,18,250 Alison Manors Apt. 312,New Gabriel,Delaware,10539,-3.469475,-72.941129
Brian Summers,67,115 Matthew Junction Suite 471,Davidmouth,Iowa,03566,-111.819712,18.965787
Roy Wood,67,456 Holmes Court,East Danielfort,Maine,24555,58.357752,-19.343292
Shannon Walker,80,6436 Williams Island,Christopherfort,Oklahoma,92732,3.229706,84.7178575
Michael Shaw,40,650 Johnson Hills Apt. 353,Dawnberg,South Carolina,36673,107.465067,-26.0253165
Gregory Austin,45,20269 Dana Shoal,South Robert,Maryland,61353,-68.132751,38.344453
Jasmine Thompson,69,4659 Kevin Curve Apt. 426,Gregoryland,Indiana,03950,37.959351,-68.7961615
Jennifer Hall,65,24473 Middleton Wall Suite 172,East Veronica,Maine,09595,-85.894513,17.1893845
Alex Gomez,39,036 Amanda Passage Apt. 107,North Wendy,Rhode Island,66379,156.129316,56.979087
Charles Wright,45,6802 Carter Center Apt. 605,Port Shaunberg,Kansas,73093,6.495298,38.145660
Mariah Spencer,25,202 Amber Falls Apt. 123,Port Angelamouth,Texas,66189,-31.794611,3.509892
Christina Richmond,52,531 Santana Meadow Apt. 507,Nicholeport,Wisconsin,41672,80.403768,52.3099165
Carla Robinson,72,5511 Alexis Ford Apt. 933,Port Kristy,Kentucky,25971,-42.239596,-66.9940445
Wesley Villa,40,28921 Scott Valleys,Garrisonmouth,Idaho,79951,-94.506404,-89.111763
Sharon Miller,80,370 Friedman Pike,East Taylorstad,Maine,61738,-85.288727,-73.943995
Julia Anderson,43,2540 Martinez Creek,Brianshire,Pennsylvania,13149,74.936344,48.583703
Lisa Pope,24,366 Lane Shoals,Kimberlyborough,North Carolina,05504,-20.821879,30.480370
Jessica Henderson,32,2089 Hernandez Hollow Apt. 218,East Cynthiaton,Missouri,02745,79.513036,31.0248335
Daniel Benitez,30,004 Allison Station,Lake Charles,Arkansas,80791,131.803182,67.3573805
Michael Guzman,80,7321 Mahoney Green,South Brian,Idaho,50100,-0.566582,61.911606
Bradley Wells,72,2770 Ashley Summit,East Mark,Wisconsin,81931,-131.673611,84.618464
Pamela Richard,75,788 Lee Roads Apt. 970,South John,Michigan,30105,31.119946,43.434927
Kimberly Phillips,29,0568 Santos Lights,New Vickimouth,Alabama,25916,80.038839,9.638392
Terri Snyder,71,5823 Short Summit,Mossfort,Hawaii,11012,112.083278,-55.355960
Damon Ward,51,00810 Hale Highway Apt. 806,North William,Washington,14572,-51.976927,82.1252225
Danielle Barry,63,0600 Lang Glens Apt. 639,East Philipburgh,Oklahoma,42999,-165.606669,-71.8404755
Kevin Harrison,80,2252 Cooper Green,Tiffanyport,Tennessee,92010,88.368227,56.418728
Sandra Butler,69,1651 Julia Trace Apt. 689,Stephenside,Georgia,04178,158.538070,-63.643599
Hayley Anderson,27,026 Robbins Heights Suite 245,Johnnymouth,Vermont,78383,59.382810,15.4126905
Steven Oconnor,24,2410 Vazquez Drives,Lake Laurie,Connecticut,75907,-42.531398,-19.735213
Nicole Montoya,51,17973 Beck Drive Suite 783,East Lauraburgh,Arkansas,10285,84.189366,41.216393
Chad Mercer,47,22529 Stephanie Trail Suite 364,Hernandezshire,Oklahoma,99295,173.389109,72.7950385
Scott Davis,75,89955 Carl Springs,Ashleyshire,Ohio,30395,60.405181,-85.722294
Nicholas Williams,38,56354 Watkins Forges Suite 850,Kristinmouth,Pennsylvania,83961,142.492787,22.263262
Thomas Holland,26,36581 Chase Walk Suite 596,Brownland,Maine,95763,-74.613216,54.846575
Melissa Hunter,67,04341 Reginald Mission,Lake Jill,Hawaii,20027,49.702682,47.2483785
Jessica Chambers,53,81991 Meyers Harbors Suite 051,New Rachel,Rhode Island,36308,-42.838722,-20.1080815
Randall Ramos,44,444 Michael Inlet,New Claudia,Pennsylvania,19498,0.796231,-77.7142675
Benjamin Rivera,28,08201 Martin Burg,Lake Meredith,Wisconsin,64459,-163.519707,77.3802255
Rachel Guerra,32,85167 Lawrence Well Suite 975,South Neil,West Virginia,79801,-146.926537,-68.035973
Jessica Thompson,34,97689 Daniel Pine,New Nicoleport,Wisconsin,80586,-131.477598,47.1208925
Zachary Martin,49,853 Joy Pines,Muellerborough,Maryland,93672,36.204812,-28.8623355
Kristen Smith,46,2999 Melissa Springs,North Billborough,Massachusetts,10401,98.851054,66.617448
Gabrielle Jones,63,85527 Villa Summit,West Devin,Washington,72830,-112.026063,24.270419
Beverly Bridges,31,086 Navarro Crossing,South Samanthaberg,Virginia,72529,178.679397,-39.507045
Stephanie Perkins,78,970 Willis Groves Apt. 166,Loriberg,New York,60103,-170.568810,10.5245185
Grant Williams,78,807 Lawrence Park Suite 401,Christineville,Massachusetts,25520,-166.124027,6.453627
Steven Mitchell,47,94744 Kelley Neck Apt. 821,West Susan,Indiana,99478,-62.866180,59.4161635
Jennifer Bullock,74,5636 Mariah Vista,Jillchester,Virginia,34862,-169.782793,17.469697
Jesus Lee,22,387 John Greens Suite 264,Simpsonborough,Minnesota,71643,93.891738,-42.9665775
Christopher Casey,46,700 Gonzalez Hill Suite 586,South Josephchester,Illinois,59100,-56.896724,62.636745
Angela Castaneda MD,54,5664 Richard Gateway Suite 940,West Kevin,Mississippi,51251,-109.163976,-33.151230
Molly Jones,18,727 Moore Shoals Apt. 770,Powersside,Utah,42008,141.183532,-81.133721
Erin Thompson,74,177 Nelson Islands,Orrtown,Vermont,70042,120.406637,62.238576
Billy Wallace,74,88348 Ryan Mall Suite 355,Campbellton,Rhode Island,13631,64.401352,-29.622908
Kelsey Thomas,28,85316 Jessica Stream,Port Daniel,Ohio,98778,-57.312301,-17.5584135
Elizabeth Reynolds,33,316 Brittany Divide,Cowanville,Wyoming,20509,77.526135,88.596463
Shannon Smith,40,74445 Krista Lakes,Port Alanbury,Maryland,52155,25.601663,87.372757
Nathaniel Morgan,80,410 Katherine Heights Suite 867,New Anthonystad,New Mexico,49109,-148.223329,16.506542
Angela Robles,32,8369 Salas Fields Suite 216,Jayview,South Carolina,47058,-72.135572,-45.0989255
Robert Reeves,37,828 Jason Course,North Ianbury,Nebraska,60541,73.801713,59.3643145
Steven Gallagher,54,52903 Craig Rapids Apt. 242,Bookershire,Wisconsin,98340,-10.149932,-24.396436
Kevin Reynolds,24,6097 Ball Corner,Port Christopher,Wisconsin,65649,-123.609389,-35.9347875
William Le,60,22851 Beck Cape,Pamelastad,Indiana,57265,-120.573163,-84.3229245
Christina Robbins,44,0783 Lucas Loop Apt. 887,Timothyfort,Nevada,57978,-108.595921,-38.695499
Stephanie Ramsey,71,5565 Golden Trafficway,Lake Nathan,Illinois,27836,153.709115,35.6305615
Jennifer Cooper,34,65277 Bates Unions,Mendezfort,Vermont,08259,-101.147431,25.0960315
Crystal Abbott,33,4215 Gonzalez Port Suite 527,Collinston,Kansas,28560,169.294071,-52.056494
William Schmidt,36,23732 Hoover Estates,Lake Nathan,South Dakota,84699,-135.025612,50.3198365
Ian Smith,37,601 Lewis Freeway,New Jessica,Maine,85897,-84.053862,-65.582587
Todd Jordan,65,1129 Candice Corners Suite 950,Rodriguezbury,Ohio,62327,49.054590,-66.3402435
Mary Jones,75,691 Anita Corners,Evansshire,Mississippi,28990,-68.929313,-49.486544
Jessica Bolton,61,419 Shaw Knoll,Thompsonside,Utah,03762,7.547231,-81.3774895
Andrea Rivera,58,49482 Scott Mount,Lake Scotttown,Alaska,74936,79.323680,-4.9892145
Meredith Martinez,26,130 Crystal Drive,Matthewmouth,Maine,14265,174.063805,-65.9517505
Emily Smith,54,706 Phillips Dale Apt. 696,Clarkbury,Kentucky,66899,-171.269326,-63.761467
Kyle Warren,30,78419 Schmidt Pines,South Karen,New Hampshire,29011,-78.529370,-11.0541985
Amanda Valdez,41,284 Reese Ridge Apt. 590,Port John,Alabama,32040,98.169250,68.2120935
Meghan Hernandez,40,35677 Garcia Fields,Hansenland,Iowa,64771,17.546842,39.1666145
Brian Flores,55,992 Richard Burg,North Heather,Delaware,48079,-27.578426,-24.127532
Dr. Ashley Thompson,70,83254 Morales Lock,Ryanchester,North Dakota,76921,156.490736,44.7190015
Heather Hayden,72,65933 Patton Light,New Sheilaside,North Dakota,90384,-44.052243,-51.8818765
Michael Woodard,53,3918 Lindsay Flats Suite 892,Port Nathan,North Dakota,42893,-153.488784,76.007759
Phillip Tucker,36,4371 Nancy Neck Suite 800,New Staceyville,Iowa,60272,-29.187069,-86.5598435
Gary Underwood,23,36126 Kenneth Divide,Heatherborough,North Carolina,25694,-18.614510,-81.499664
Frank Park,43,0910 Mary Fields,Walkerside,Kentucky,12412,-41.336902,9.053443
Steven Chang,54,936 Donald Heights,Simpsonfort,Louisiana,92759,64.394549,-12.274461
Amanda Kelly,57,272 Heidi Place,Carpenterside,Oklahoma,26175,177.851426,-76.6458285
Benjamin Vincent,31,07379 Rodriguez Station,West Debra,North Dakota,07199,-36.949026,31.036793
Dylan Lopez,36,67273 Miller Crest,North Kimberlyport,Rhode Island,80347,-172.779246,-38.795901
John Chambers,55,5288 Williams Manor,North Markfurt,Washington,74118,-134.327764,-20.6695245
Brian Haney,69,21626 Matthew Highway,Patrickchester,Colorado,63378,140.505783,26.289929
Jaime Pineda,50,2156 Torres Viaduct Suite 186,South Danielborough,Utah,27655,64.483421,55.378961
Teresa Nguyen,36,001 Ramirez Ways Apt. 955,North Rebeccaport,North Dakota,72620,-3.262806,-33.990132
Kyle Curry,59,728 Whitaker Inlet,Marktown,Wisconsin,06950,171.558768,-53.4040845
Scott Dixon,29,9520 Martinez Shores,East Amber,New Mexico,51062,-43.525181,77.2575365
Marc Buck,60,0970 Paul Corner Suite 982,Lake Taraberg,West Virginia,31476,-172.443409,80.2324275
Kimberly Terry,42,29895 Isaiah Valley,Port Penny,North Dakota,42450,0.152616,34.513093
William Thompson,55,863 Janet Square,South Meganfort,Georgia,34664,160.474600,-80.871967
Judy Thomas,60,462 Brian Turnpike,Samanthatown,Oklahoma,43868,162.491069,47.254958
Amy Warren,80,979 David Prairie Apt. 804,Brownside,Connecticut,25822,-147.993284,61.0254115
John Butler,44,842 Wilkinson Terrace Apt. 607,Rebekahside,Oregon,25391,-103.797862,51.560639
Christopher Baker,73,46596 Scott Isle Apt. 717,Wagnerhaven,South Carolina,73296,-61.104955,7.5462245
Taylor Bullock,48,44334 Erica Light,North Robertton,Utah,75154,85.095072,-27.396157
Jonathon Guzman,32,1904 Jenna Lock Apt. 489,East Daltonstad,South Dakota,70771,37.517675,-88.231514
William Leach,69,647 Gary Lock,Millermouth,Pennsylvania,18552,-80.025165,-47.4634655
Kathleen Mason,29,936 Rebecca Extension Apt. 277,West Sarahfort,Connecticut,59117,-96.969600,51.284923
Mr. Frank Chan,18,2905 Cruz Mountain Apt. 745,Garzabury,Connecticut,55646,147.089274,41.621747
Scott Parker,59,946 Kaitlyn Mountains Suite 453,Blackwellhaven,Georgia,12745,-31.721702,-33.622226
Eric Ortiz,36,7351 Sampson Rapid,South Amy,Mississippi,96723,-76.045692,29.776358
Brittany Miller,41,59272 Fuentes Plaza Suite 809,Toddburgh,North Carolina,12297,122.653096,-5.4503655
Susan Rodriguez,26,251 Mccarthy Glens,Hudsonton,California,94392,32.035785,-15.8056325
Ariana Walsh,29,40790 Brian Alley,Shawfort,South Carolina,85101,-116.199870,54.633689
Jason Houston,69,2029 Rowland Plaza,South Jenniferville,Alabama,87203,108.160545,-87.969196
Thomas Montoya,26,987 Hayes Mill Apt. 951,North Madisontown,Wisconsin,34307,-167.925286,53.361261
Melinda Perez,45,702 Fowler Lodge Apt. 365,Port Samantha,Oklahoma,13718,6.220980,78.105535
Ryan Martinez,28,16256 Huber Row,Lake Jim,Louisiana,40434,-75.853470,-29.5165215
Brittany Villanueva,73,2670 Lyons Manor,Port Kara,North Dakota,03231,-131.936857,29.9786265
Patricia Thornton,24,213 Miller Trafficway,Domingueztown,Vermont,46460,-128.871905,56.4385885
Alisha Gray,74,9017 Weber Mill,Terriburgh,Ohio,30287,152.373080,49.4949265
Melissa Miller,62,541 Matthew Garden,Colemanberg,Massachusetts,47204,-28.843852,-61.637329
Samantha Crawford,50,64568 Day Forest,Jenniferhaven,Hawaii,01252,-97.103818,-78.949943
Carla Allen,18,8099 Martinez Village,Lawrencechester,Alabama,92035,171.362460,15.572229
Bradley Bell,25,74370 Peggy Inlet Apt. 499,Robertside,Nevada,92043,45.484482,-35.1619705
Janet Fischer,68,444 Joshua Shoal Apt. 985,East Patriciabury,Idaho,92765,2.302886,-53.0940145
Devin Sanchez,21,0498 Derek Loaf Apt. 924,Port Lisa,Rhode Island,01173,102.669009,1.605870
Cathy Melton,38,73374 Duran Key,Floresfort,Louisiana,45357,154.904525,-24.117225
Dawn Chavez,56,543 Andrea Rue,South Antonioland,Oregon,14071,77.439238,-50.542108
Peter Thomas,35,3773 Jennifer Mill Apt. 680,North Victortown,New Mexico,98336,36.597563,-45.182002
Rebekah Schmidt,19,51604 Ann Ville Suite 081,Lake Amber,Alaska,47163,113.510839,-55.5423105
Henry Murphy,66,28763 Flynn Burgs Apt. 062,New Shelby,Florida,12588,-162.922120,-53.141440
David Gill,79,5922 Michelle Crescent,East Michaelview,South Carolina,65010,79.354241,-27.0070255
Yolanda Bennett,59,4828 Martinez Haven,New Tina,California,44561,-158.511219,-57.796767
Stephen King,57,3639 Lopez Village Apt. 541,East Ricardo,North Dakota,19133,-149.310486,75.328426
James Banks,72,674 Robert Groves Suite 557,Taylorborough,West Virginia,36321,-58.248891,74.8486495
Matthew Beltran,59,4674 Baker Pike,Wagnerview,Connecticut,45490,-49.833167,-87.396156
Lisa Rose,71,11542 Jacob Alley,Perezmouth,Michigan,94046,-103.825237,58.5617645
Chase Griffin,30,9044 Moody Key Apt. 771,West Joyce,Virginia,86847,-3.793873,64.0289595
Michael White,23,6959 Samantha Corner Suite 604,Williammouth,Idaho,29189,104.271907,-30.6320425
Jason Blackwell,52,1802 David Corner,Port Meganton,Tennessee,33712,-26.670518,67.4105415
Tracey Evans,20,5469 Melissa Brooks Suite 208,South Josephborough,Idaho,94541,-151.571330,-51.6758225
Robert Holden,37,8067 Miller Canyon,Bryanport,New York,60287,-115.262770,-54.227014
Scott Dennis,60,80350 Bethany Radial Apt. 881,West Anthony,Georgia,89531,14.121986,-57.3160965
Shannon Johnson,76,961 Pena Expressway Apt. 273,South Christinaburgh,Illinois,57657,10.415688,39.057268
Keith Jackson,45,5218 Peter Spurs,Mcdonaldburgh,Colorado,07947,-14.721783,-17.2366525
Travis Lee,50,4949 Crystal Ferry Apt. 844,Bauerstad,Rhode Island,11444,-146.240504,41.2764145
Tracy Diaz,62,7043 Derek Trail Apt. 840,Scottland,Wyoming,93748,115.868950,-30.1043645
Morgan Underwood,51,040 Davis Lodge Suite 005,Michaelview,Texas,37822,-165.948036,7.068969
Jason Davis,68,167 Darrell Passage Suite 545,Smithshire,Mississippi,81517,45.994125,-2.651076
Brittany Rice,51,10207 Clark Fort Apt. 074,Norrisside,Kentucky,17087,30.681588,-51.158961
Eric Arroyo,45,5627 Michael Vista,South Markfort,Maine,92871,57.186389,88.6245965
Laura Giles,23,8323 Douglas Ridge,Morganbury,Illinois,92400,98.653764,70.751860
Thomas Page,61,56104 Williams Vista Apt. 705,North Jonathanfort,Kentucky,99769,53.634049,72.989972
Jessica Hatfield,79,5202 Eaton Turnpike Apt. 170,Baileybury,North Carolina,87776,-86.324227,-30.232232
Ronald Jones,77,678 Patrick Locks,Davishaven,Kansas,46440,37.783947,19.630334
Joseph Marshall,28,78650 Shannon Stream Apt. 057,New Jerryton,Massachusetts,65028,174.559847,-27.0253615
Victor Clark,64,100 Arnold Glen,Kramertown,Arkansas,53688,-16.150539,66.506726
Diana Porter,79,823 Beard Islands,New Devinview,Utah,06870,-153.294253,-35.3001085
Michelle Thomas,78,0227 Juan Mall Suite 324,Lake Tyroneburgh,Nevada,90919,58.038393,37.5156495
Thomas Jones DDS,75,1495 Sean Skyway,Hayesfurt,California,55345,94.274094,20.682022
Monica Barnett,68,32593 Sara Highway Apt. 739,Port Tommy,Alabama,39980,-6.456099,20.7582675
Corey Burke,47,446 Brittany Crossroad,Traciland,North Dakota,23341,-0.707685,-77.923312
James Navarro,43,10080 Castillo Glens,Pageview,New Mexico,64601,-76.624484,42.677748
Joseph Hayden,64,111 Brown Tunnel Apt. 356,North Joshua,Massachusetts,56030,88.789697,1.597622
Karen Park,64,65954 Montoya Parkways Suite 753,Port Brandon,Delaware,81491,120.128601,-34.309063
William Everett,46,41614 Bullock Roads,Monicaborough,Arizona,82103,40.465419,-86.3693785
Kelly Neal,53,08414 Kennedy Corners Suite 955,Franklinmouth,Indiana,95387,73.728379,84.513963
Ryan Terry,75,92051 Gutierrez Forest Suite 958,Stricklandfort,South Dakota,09605,58.861782,55.469884
Natalie Glass,50,0247 Moon Via Suite 401,Howeshire,Indiana,55668,-72.478173,-22.807994
Chelsea Fletcher,39,6453 Lopez Hills,South Courtneymouth,Missouri,14547,101.188462,21.264551
Anthony Miller DDS,72,44277 Mora Lake Suite 192,Butlershire,Illinois,85497,12.935036,-70.775659
Kelly Blankenship,65,148 Ashley Squares,Port Tinahaven,Minnesota,96022,-95.432465,50.0649485
John Thompson,25,7368 Matthew Lock Suite 144,Jeffreyton,Wisconsin,79213,78.278724,-73.3452995
Teresa Smith,27,35361 Angela Vista,Rodriguezfurt,Maine,27153,75.674080,35.6834895
Tara Norman,57,62370 Kaitlyn Meadows,West Ryan,Iowa,96583,14.097967,84.412416
Katherine Graves,40,749 Marks Centers Suite 107,North Mary,Oregon,95938,47.867690,34.087237
Michelle Norman MD,24,5749 Gonzalez Curve Suite 674,Edwardsstad,North Carolina,99036,25.359483,72.941010
Isabella Roberts,49,359 Robert Branch Suite 550,Lake Ryanshire,Georgia,98351,-133.516848,-52.2451015
Alexandria Evans,67,360 Baker Street Suite 242,Quinnburgh,California,14180,84.155093,81.6008055
Jeffrey Peterson,61,4882 Jeffrey Causeway Suite 701,New Cherylborough,Virginia,72337,-141.136513,38.8986575
Victor Deleon,62,256 Brooks Summit,Martinland,Connecticut,30355,118.121783,7.4734505
Joseph Jones,72,0466 Mills Harbor Suite 995,North Robert,West Virginia,40606,152.825651,8.476354
Geoffrey Mahoney,24,7189 Barbara Keys Suite 829,East Jessica,Massachusetts,45153,42.466230,-11.2738985
Brian Cooper MD,34,148 Matthew Views,Joneston,Utah,05461,-170.120668,44.1426945
Jessica Morris,71,82001 Sawyer Square Suite 180,Conleyfort,Wyoming,88694,67.908778,-89.2436375
Melissa Lopez,45,1555 Smith Trafficway,West Amberside,Missouri,96089,144.947113,-68.550112
Alan Gonzalez,24,77221 Michael Trail Apt. 718,East Michael,Alabama,67333,-122.344129,56.8790595
Cynthia Whitehead,50,4224 Rebecca Dale,Phillipstad,Montana,39574,151.270861,81.5260245
Michael Kelley,23,71151 Karen Stream Suite 551,Port Juanbury,Michigan,02136,-80.116189,-83.489365
John Ford,19,2380 Goodman Cape Apt. 520,Zacharyborough,Florida,33586,-64.075092,35.9533775
Grant Banks,75,42911 Russell Square,Christineshire,Nebraska,31701,131.676882,-41.492759
Tracey Bridges,56,872 Amanda Port,Lake Walter,Connecticut,44380,7.905636,-8.382733
Emily Santos,60,50596 Cook Track Apt. 958,Elizabethfurt,Washington,55417,107.465652,-4.1385055
Samantha Turner,67,11027 Hays Route Suite 904,Courtneybury,Kansas,90083,-100.131797,32.9296585
Cody Gillespie,26,96204 Joseph Terrace,Bradleyland,Minnesota,93614,-159.705904,57.292185
Julia Thomas,73,91590 Nathaniel Drives Apt. 603,Port Heatherhaven,Massachusetts,18675,37.957865,19.8533555
Angela Clayton,75,30855 Scott Ranch,East Stefaniemouth,Maine,06204,14.527203,-29.0574645
Richard Anderson,43,00342 Mariah Alley Apt. 656,Wellshaven,Oklahoma,51611,37.900201,-45.4088145
Peter Russell,31,370 Fox Row Suite 488,New Christopherstad,Illinois,87673,56.146789,21.347339
Shaun Miller,63,9259 Savannah Mountains Suite 269,South Nicole,California,33462,-39.500453,-4.458316
Eric Douglas,76,09561 Hall Hills,Lake Andrew,Minnesota,60680,-57.914335,-35.1259895
Jesus Rivers,44,82146 Ian Prairie,Jameston,Vermont,62147,13.797747,-78.588394
Justin Hines,69,718 Miller Curve Apt. 701,South Christopher,North Carolina,68406,105.738255,-42.090593
Micheal Price,50,459 Jordan Cliffs,East Dillonport,New Hampshire,29227,57.745502,-40.6592315
Alejandro Cochran,36,067 Donald Knolls Suite 423,Lake Melissa,Rhode Island,80641,139.927898,-20.0689585
Cindy Krueger,40,720 Ann View,Lake Stevenberg,Vermont,75214,51.138757,-66.775472
Collin Reynolds,66,4565 Smith Streets Suite 258,North Wendyland,South Dakota,75211,170.227944,49.0847925
Lawrence Kennedy,67,117 Rice Glens Apt. 592,Mitchellmouth,Kansas,99372,90.728288,-16.2683175
Lauren Ballard,47,335 Henry Branch Suite 428,New Devonmouth,Vermont,54672,-26.682678,-59.575266
Howard Coleman,47,90280 Conley Islands,New Emilymouth,Rhode Island,22067,125.872984,56.1077305
Rebecca Garrison DVM,20,46641 Ballard Fort Apt. 928,South Maria,Nevada,22101,54.271548,70.0645415
Christina Lewis,60,3229 Daniel Prairie,West Jose,Indiana,67470,-122.959146,-38.267600
Laura Ho,71,8343 Walker Highway,Lake Stephanieberg,Massachusetts,31806,-85.241384,-89.8577245
Lisa Green,74,88780 Davis Pines Apt. 004,West Mason,Florida,63234,-25.026141,10.272360
Marie Gordon,66,638 Bryan Dale,Jamesshire,Oklahoma,31063,66.074934,-57.4031245
Tonya Hudson,80,1769 Harvey Valleys,Lake Katrinabury,Michigan,19379,-119.660902,29.984510
Austin Perez DVM,72,242 Gonzalez Pass,New Linda,Washington,15326,-16.965551,-88.4299815
Jeanette Schwartz,63,85655 Ross Shore Suite 503,Rodgershaven,West Virginia,16243,62.975900,16.477860
Glenn Booth,47,435 Dustin Way,New Elijahtown,Alabama,93379,-21.523652,-89.6807665
Kelly Walton,19,31873 Lyons Loaf,Pachecoville,Tennessee,94553,-134.799042,-72.6229525
Ashley Miller,71,569 Thomas Trace Apt. 294,West Johnnyside,Georgia,93019,72.518287,16.3192005
James Wagner,44,7605 Smith Turnpike Suite 092,Sullivanfort,Florida,94112,98.640493,23.3834025
Shelby Gonzales,43,482 Ashlee Hills,Johnsonstad,Iowa,86305,-140.004142,87.589099
Amy Lawrence,37,746 Hall Circle Apt. 852,Tateburgh,Illinois,62656,-50.187210,-89.1500695
Christopher Brown,55,81842 Felicia Light Suite 902,East Michaelshire,Delaware,78712,-158.496822,-10.443467
Brian Salas,42,27936 Robert Drives,Michaelmouth,Maryland,56643,96.609096,15.0338555
Tammy Thompson,28,05385 Roberts Key,Amandachester,Georgia,40711,-55.782497,12.020286
Mr. Daniel Young,80,14721 Coleman Brooks Apt. 191,South Ethan,Nevada,11087,41.153006,80.9537775
Colleen Mitchell,24,57455 Jennifer Radial,Mooreburgh,Missouri,47161,-57.474815,38.7378075
Joshua Kent,72,967 Philip Points,West Randymouth,Maine,42157,140.022689,-48.177589
Kelly Lee,65,9481 David Prairie,East Jonathanfurt,California,71652,6.114617,-19.3253205
Christopher Adams,25,97029 Christopher Tunnel,Port Chadfort,Illinois,84069,28.783254,-18.8170285
Tiffany Duffy,21,3095 Anthony Spur Apt. 378,West Wesleyside,Illinois,20626,-38.746488,52.098220
Tristan Robinson,22,41105 Peter Lodge Apt. 323,Port Jasonburgh,Hawaii,48317,-51.190009,-78.643237
James Rodriguez,41,02237 Justin Canyon Apt. 252,Port Jennifer,Kansas,18114,-66.736528,-80.102453
Laura Morris,62,6749 Evans Rapid,Brownchester,Utah,38731,99.130984,70.356615
Benjamin Briggs,80,15688 Chapman Shores Suite 323,Devinshire,Virginia,60954,179.066840,-23.340647
Kelli Sharp,20,116 Ford Bridge Suite 504,Johnsonberg,Illinois,24069,37.986707,-62.232583
Tammy Benitez,77,318 Wilson Islands,Antoniofurt,Kansas,04276,147.027871,-61.717639
Heather Mendoza,65,74908 John Island Suite 032,North Jenny,Oregon,85320,2.939661,0.7524235
Tonya Gates,36,270 Johnson Streets Suite 398,North Kerri,Alabama,51884,61.652716,-30.426858
Adam Moore,46,0468 Thomas Lights Apt. 899,Perkinsmouth,Illinois,42278,-172.668303,-26.8048585
Billy Hale,36,80839 Evans Throughway Suite 505,New Gregory,Hawaii,32624,104.249369,-53.8577495
Amy Walker,20,9612 Schultz Plains Apt. 382,Sarahfort,Vermont,76374,42.325386,76.464702
Charles Montoya,26,20964 Jeremy Cape,New Christinaberg,Oklahoma,92736,-50.333841,33.6250905
Ryan Allen,75,9606 Philip Locks Apt. 377,Austinfurt,Utah,64439,-128.663553,38.5216465
Kenneth Marshall,40,13727 Ashley Skyway,Timothyhaven,Idaho,30055,3.645848,48.331334
Ashley Cohen,40,05705 Patel Lane,Nathanmouth,Alabama,72776,124.287323,-7.1259955
Christopher Cobb,22,745 Travis Grove Apt. 645,Danielside,Utah,83259,-94.513440,52.426755
Christian Anderson,40,586 Price Trail,New Jeremychester,Florida,44428,93.865523,-10.950301
Manuel Murphy,62,9699 Thompson Summit Suite 578,South Georgeberg,Arkansas,15776,159.714482,68.047718
Jack Herman,41,879 Katherine Field Suite 903,Jenniferview,Hawaii,68093,154.625072,-35.5866395
Sheryl Morgan,35,248 Hernandez Mountains Apt. 508,North Meghan,New York,58458,45.495451,-60.823146
Jacob Pitts,23,6041 Parrish Throughway,New Amyburgh,New Jersey,17684,-65.130043,10.701002
Sheila Summers,39,23608 Hill Trace,Shannonmouth,Texas,33957,-47.130530,73.333751
Dr. Mary Stephens,66,9278 Hobbs Springs,East Davidfurt,Nebraska,62454,-44.525575,-79.816705
Jose Brown,39,454 Joshua Trail Suite 387,North Nicholasshire,Arizona,51305,-37.490526,-34.614689
Mary Salinas,64,5218 Richard Circles,New Michael,North Dakota,21285,-51.304105,33.5033205
Angie Young,79,07103 Joseph Heights Apt. 000,Pagestad,Illinois,76040,-32.151078,78.6155885
Kenneth Pacheco,58,511 John Fields,Meganhaven,Oklahoma,87057,62.659263,12.374815
Todd Powell,74,925 Ronnie Flat Apt. 998,Danielleview,Nebraska,93997,-153.598606,-68.588209
Jennifer Phillips,71,300 Jamie Well Apt. 156,Lake Adam,New Mexico,61199,-48.022653,-69.774586
Shelby Gomez,63,35274 Diaz Lodge Apt. 746,Ramseyfurt,Massachusetts,26328,-116.567168,-86.786750
Lisa Nunez,64,80236 Jessica Summit Suite 113,Jamesbury,Nebraska,88416,-115.589066,-78.5901955
Andrew Davis,42,59005 Lowe Keys,South Denisefurt,Utah,30412,-87.154731,76.296579
Kristine Bryant,32,433 Jose Lodge Apt. 242,Port Andrewton,Georgia,99129,77.719607,41.9899385
Alejandro Brooks,48,118 Davis Trail Apt. 301,Thomasborough,Pennsylvania,84768,155.654938,65.6409455
James Arnold,67,2174 Steven Rapid Apt. 993,Herreraville,Utah,15235,-32.587892,1.191487
Shelley Moss,66,32753 Gallagher Port,Curtisstad,California,58238,35.614542,-40.062614
Paige Berger,42,913 Owens Walk,New Felicia,Rhode Island,81563,-70.908203,24.158596
Eugene Larson,63,458 Nathan Plains Apt. 384,Watsonburgh,North Dakota,70966,104.033443,56.8017855
Oscar Anderson,57,985 Webb Fort Suite 543,Jillianstad,Maine,06011,91.929623,-42.640668
Jacob Davis,57,275 Morgan Street Apt. 481,Bradburgh,South Carolina,35700,35.181760,21.4174945
Marc Johnson,65,7010 Melissa Estate,East Tina,Georgia,40223,78.118819,23.297202
Lawrence Bruce,33,3000 Brian Corner,North Allison,Delaware,30455,69.607313,-25.015713
Willie Perry,35,73149 Carly Branch,Johnsonville,Maryland,14518,-30.120497,-1.819609
Maria Branch,52,540 Devin Divide Apt. 120,Franklinmouth,North Carolina,67157,4.498899,-16.1394405
Mark Mccullough,63,534 Jones Street Apt. 608,North Mario,Utah,93637,44.283366,16.179072
Destiny Allen,53,6948 Smith Bypass,South Anthony,Tennessee,81058,-38.012376,35.0704725
Wendy Cooper,27,6825 David Village,East Patricia,Utah,18921,-15.702859,-31.6105155
David Wyatt,61,535 Brent Stravenue Apt. 432,East Charles,Michigan,87784,80.390320,41.9284895
Kristen Anderson,71,32402 Ross Street,Sarahaven,Arizona,30167,72.223428,-77.858521
John Mata,49,86639 Erica Springs,Hallfort,Maryland,41704,-0.372975,-11.921187
Jared Mills,40,26315 Michelle Dale Apt. 951,East Jeff,Mississippi,56958,84.605125,-56.195764
Denise Gomez,58,525 Martinez Well Apt. 063,Smithburgh,Massachusetts,48810,-91.546280,-1.422931
Megan Smith,73,6467 Jones Locks,North Andrew,Oregon,96339,154.533231,-71.343771
Veronica Barron,60,93128 Jonathan Forges Suite 106,Roweshire,Missouri,44093,175.308861,88.1897785
Brian Haas,68,31633 Misty Light Apt. 427,Lake Randyfurt,Nebraska,75360,-88.197755,2.533286
Pamela Cook,52,91383 Jillian Crossroad,Smithview,Oklahoma,17330,-62.849388,54.062549
Lauren Dalton,63,1886 Allen Greens,Francoborough,Rhode Island,28581,130.887828,-74.8287025
Hannah Jones,41,961 Cody Knolls,East Lori,Oregon,26153,-4.877716,-64.623883
Robert Baker,42,44649 Mclean Spur,Hernandezburgh,Georgia,05343,67.306717,68.7413115
Miss Brooke Juarez,36,2051 Monique Trace,Meganfort,Washington,11042,30.874090,-6.6121935
Julia Watson,71,71392 Bruce Forge,South Christinechester,Virginia,38503,-149.693559,77.991485
William Allen,39,98174 Kylie Lake,Wardchester,Mississippi,81695,126.737478,-43.5806645
Andrew Brown,24,21815 Cheryl Viaduct,East Zachary,Rhode Island,33697,-144.618134,-6.029967
Kristen Conner,43,6868 James Run Apt. 969,Morganstad,Pennsylvania,58969,69.439234,-75.4599035
Robyn Lawson,59,28122 Kathryn Canyon,Coffeyville,Wisconsin,62983,89.849559,-52.0231335
Ian Davis,38,753 Bailey Hollow Apt. 194,Riveraton,Indiana,34736,-49.533378,73.995074
Julia Sullivan,58,1945 Long Freeway,South Brettborough,Idaho,24084,-47.576423,-11.7788535
Joann Mckenzie,79,708 Stephanie Dam Apt. 804,New Natalie,Montana,38390,-108.291527,-37.323740
Jose Martinez,67,04825 Barbara Extensions,New Madeline,Utah,73089,-168.116036,4.230808
Judy Stewart,47,9268 Lucas Shoal Apt. 951,West Thomastown,Oklahoma,06235,4.942622,-15.1659165
Holly Williams,80,24220 Timothy Greens,West John,Ohio,09480,-146.828308,43.4414495
Ralph Horne,52,52905 Jeremy Knolls,Garystad,Wisconsin,14568,-148.685228,39.4119005
Sandra Walter,71,975 Salazar Causeway,Thomasville,New Mexico,18103,-64.943215,-77.230612
Sydney Donaldson,59,742 Teresa Station Apt. 901,Haynesfort,New Mexico,45440,13.507370,-80.043701
Paul Matthews PhD,47,7203 Ana Fields,North Kristin,Florida,99036,-128.833063,-16.341301
Crystal Brooks,54,76915 Kelly Light Suite 292,Mccarthychester,West Virginia,11240,111.166306,53.718629
Desiree Brown,79,11960 Andrea Loop Apt. 280,New Jameshaven,Iowa,56785,178.196437,28.556843
Charles Watson,34,1393 Christopher Point,North Micheleshire,Mississippi,34779,-73.561277,-46.8850705
Ian Green,64,1664 Randy Prairie Suite 817,Lake Amandahaven,California,76889,-173.156199,12.813891
Ashley Elliott,68,6889 Smith Meadows Suite 095,Edwardsshire,Kansas,81387,-37.656868,27.900044
Lisa Vasquez,56,0850 Barnes Loop Suite 577,Lake Shawnborough,Hawaii,06724,-87.167422,33.0136745
Lori Scott,34,35786 Oconnor Run Apt. 615,Wellsstad,Maine,67129,21.103893,23.3547335
Stacey Wilson,53,99060 Jamie Plains Suite 709,North Carlosport,Colorado,88328,58.869773,-76.2828915
Amanda Villa,63,5356 Carlos Island,Suzannemouth,Connecticut,95003,124.360416,-37.8688035
Alyssa Mckay,34,95106 Young Inlet,North Jimmy,Arkansas,63396,-116.779473,-82.731784
Jamie Booth,66,25288 Katie Dale,Johnsonmouth,South Dakota,93160,138.317257,-75.4074465
Kelly Drake,74,529 James Falls Suite 106,New Hannahville,South Dakota,42550,118.880685,12.3059605
Andrea Thomas,79,19609 David Meadow,Tylerbury,New Hampshire,61766,-75.272254,-28.7653005
Robert Harris,38,1759 Tracey Ridges Apt. 035,Davidmouth,New York,39453,-139.233899,-33.799746
Jesse Riley,61,5099 Cindy Mountain,Brewerland,Texas,20508,-106.033100,46.9208645
Becky Bender,77,1144 Jodi Stream Suite 455,Marksland,Massachusetts,62190,116.210348,80.5401425
Jason Hernandez,44,75555 King Common Apt. 497,Port Amanda,Minnesota,61191,-32.970978,-24.7423085
Kimberly Anderson,45,037 Hughes Knoll Apt. 834,Port Sarahville,Missouri,37867,-60.594073,22.063561
Michele Baker,68,81167 Johnson Alley,Port Miguelburgh,Ohio,39376,-168.151263,-34.4408225
Stephanie Pratt,68,2988 James Coves,Maryshire,Vermont,60592,91.824545,-6.585119
Alison Peck,54,651 Amber Mall,Williamland,Connecticut,84452,-114.900075,11.6940535
Amanda Aguilar,63,6541 Wang Club Suite 881,Millerchester,Kansas,66820,11.742123,18.412861
Michael Chavez,38,3275 Long Rue,New Mitchellport,Alabama,30129,-160.637396,74.790411
Mr. Brandon Peterson,54,54252 Adam Pine Apt. 792,South Valeriefort,Colorado,02244,104.295137,-15.672486
Jennifer King,50,1491 Zimmerman Port,Obrienton,West Virginia,79049,108.752090,88.415353
Jacob Smith,33,3838 Jennifer Points Apt. 179,Murillostad,Massachusetts,26403,168.222349,-24.9005545
Julia Prince,55,893 Patterson Drive Apt. 930,East Thomasmouth,Mississippi,97750,-18.516296,-38.375838
Lindsay Smith,76,67526 Guerrero Lakes,North Jamesberg,Rhode Island,58848,59.590747,34.6850505
Victoria Bailey,61,223 King Valley,Lisatown,Arkansas,73995,119.288867,-55.617413
Rebecca Ray,75,52894 Fernando Mountains,Lake Eugene,Maine,18580,-27.622984,29.0608235
Matthew Hill,33,1909 Christine Spurs,West Dakotashire,Mississippi,53602,62.761337,89.612133
Anthony Robertson,74,54678 Brian Plains Apt. 058,Johnburgh,Delaware,39885,174.236662,52.770660
Christopher Turner,20,9501 Zachary Square,Watsonhaven,Colorado,37317,44.204987,28.712820
Richard Brown,51,1844 Jesse Forks,Spencertown,West Virginia,51379,-14.261549,-49.3165455
Karen Brown,68,5203 Davis Wall,Rioshaven,Tennessee,64657,91.362126,-77.2313895
Sarah Smith,56,49606 Church Plain,Hollyport,North Dakota,04989,152.566128,-33.6918205
Christine Hansen,32,4220 Williams Dam,Amandaburgh,Oklahoma,14618,40.142548,0.8249775
Manuel Johnson,53,186 Stephen Isle,North Christopherbury,Nebraska,98249,-14.554980,-74.2873485
Courtney Clark,41,256 Misty Plain,West Brian,North Dakota,75199,96.293359,-46.8534015
Jordan Smith,62,2763 Bobby Vista Apt. 779,East Ronaldland,Wisconsin,18681,-95.023638,66.9784665
Lori Hahn,22,2045 Taylor Walk,Lake Jerryland,New Jersey,17281,41.784863,33.743990
Ryan Davidson,39,6084 Ross Key,Torresburgh,North Carolina,67602,51.531800,-81.268727
Joshua Williams,41,50783 Williams Rest Apt. 018,West Douglas,Maryland,91636,44.127034,10.501750
Anthony Russell,46,6202 Jeremy Manor,Adamsport,Pennsylvania,22458,60.210646,77.761296
Linda Mcintyre,55,2536 Sarah Course,Amberton,Utah,08503,-55.724270,84.531629
Lori Miller,66,997 Kimberly Fords,Fishershire,Wisconsin,65384,-40.704612,8.6038665
Kimberly Palmer,65,645 Goodman Streets Suite 644,Erinstad,Wisconsin,99612,-102.165472,67.0419935
Nicholas Rogers,44,63493 Carl Union,Catherinefurt,Arizona,39760,30.769105,-84.778094
Ricardo Glass,68,510 Tammy Parkway,Robinsonbury,Minnesota,18985,158.099097,-33.7164265
Allison Roth,57,39508 Oliver Ramp Apt. 803,Charlesside,West Virginia,35005,12.272853,22.0067065
Daniel Hopkins,38,745 Martin Mountain Apt. 564,Angelafort,Nevada,32101,31.336860,-66.0165105
Erik Baker,22,086 Stanley Harbor Apt. 986,Roberttown,West Virginia,85661,-177.888873,-42.614566
Deborah Thomas,67,9357 Adriana Throughway,Eugenebury,New Hampshire,75638,-151.955350,24.8162995
Monique Lopez,32,90563 Gordon Station,Beckbury,Oklahoma,94001,32.353913,-10.2705425
Tamara Lopez,23,711 Nicholson Well,North Kristymouth,North Carolina,88309,-9.522661,-30.3543515
Jennifer Miller,72,31907 Ward Green,Lake Leonardfort,Arizona,64200,-179.650934,-3.2594305
Amy Ford,37,05006 Thompson Extension,Christinafurt,Colorado,67805,137.312352,25.9424595
Terry Baker,59,247 Smith Causeway Suite 257,Valdeztown,Illinois,69745,-87.732762,-81.1113685
Suzanne Willis,47,4560 Brian Mission Apt. 176,South Gregoryville,Ohio,29391,67.728677,-85.405469
Matthew Carlson,55,796 Sean Ridges,Cabrerashire,Pennsylvania,30229,-52.638927,57.3411225
Cheryl Davenport,21,037 Heidi Views Suite 517,New Rick,Hawaii,34462,101.554779,26.2019255
Juan Collins,73,307 Charles Island Suite 389,Martinezstad,Vermont,08849,-65.539155,-81.001165
Stephanie Morris,20,30377 Katie Path,South Richardberg,Virginia,26042,146.978611,2.406406
Michele Crawford,37,428 Andrea Knoll Apt. 572,Christopherfort,Nebraska,01547,156.651685,18.7525485
Brandon Shah,65,69111 Daniel Mill,Rickton,Pennsylvania,03727,87.819387,57.4449245
Karen Mcgee,68,258 David Points Apt. 992,North Sharonview,North Dakota,62182,-114.996526,-8.7530295
Michael Hall,33,244 Wanda Meadow,Margaretstad,North Dakota,88202,160.498581,12.4740575
Shawn Miller,26,93163 Martin Haven Apt. 459,South Heathertown,Oregon,18221,-4.134208,-31.7280025
Timothy Davis,53,16287 Michael Stravenue,Jenniferborough,Montana,73607,149.501694,76.6327975
Robert Lawson,65,2848 Jared Spurs Apt. 910,Birdview,North Carolina,23879,29.657058,14.425049
Jermaine Lewis,20,6860 Maria Ville,Collinstown,Arizona,18189,125.393999,58.4038095
William Santos,46,745 Owens Pass Apt. 995,Debrahaven,Virginia,34380,-146.485229,-22.9295695
Debra Fernandez,78,21016 Richard Park,Ericksonton,Idaho,04851,2.150036,-35.973121
Robert Williams,72,356 Robert Trail Apt. 917,Lake Nicoleburgh,Vermont,16448,50.250312,22.8536425
Christopher Raymond,51,4358 Camacho Locks,East John,New York,44750,-140.684903,-57.3593865
Joseph Scott,26,1778 Keith Route,Port Teresaside,North Carolina,03383,5.005741,31.789658
Robert Sullivan,58,638 Gay Plains Suite 496,West Timothyside,New Jersey,64667,-176.580812,-12.9235845
Laura Craig,80,43193 Suzanne Port,New Shawnland,Nevada,45951,-97.277899,-13.053150
Madeline Kelly,69,82709 Jeremy Extensions,Eddiebury,Oregon,12254,-67.675028,-67.069827
Stephen Wallace,20,581 Franklin Course Apt. 665,Port Adam,Georgia,18064,-56.433332,68.239177
Kim Whitehead,71,1213 Spears Plain Suite 058,Port Michaelberg,West Virginia,48191,-22.346368,-63.2281755
Matthew Montgomery,78,21080 Matthew Gardens,Brownfort,Georgia,23027,158.224810,26.741970
Alexis Lewis,41,4714 Gardner Lodge,Coreyberg,Nevada,23219,-94.971340,-84.366507
Jessica Brooks,21,27425 Hodge Mount,North Shaunton,Tennessee,36752,66.252953,71.524770
Katelyn Thomas,24,7325 Lopez Creek,Scottside,Utah,72657,47.760733,50.674249
Julia Brown,20,48198 Gonzalez Route,West Antonioton,California,53155,-44.149023,-23.4144315
Chad Preston,18,37170 Miller Mews,North Phillipburgh,Pennsylvania,33451,56.064924,59.781830
Robert Owens,37,87354 Alyssa Street Apt. 377,Port Amyfurt,Wisconsin,45767,76.074186,-52.0855995
Tonya Wilson,32,060 Leah Stream,Port Jeffrey,Ohio,66780,100.497837,45.295952
John Villegas,48,0156 Jeremiah Run Suite 576,West Jamesmouth,Missouri,81097,-141.899093,30.710774
Albert Johnson,25,424 Robert Spring Apt. 463,Lake Cheyenne,Alabama,92524,124.092452,-67.0254905
Michael Rodriguez,38,87208 Dawn Expressway,Townsendbury,Indiana,41521,-102.045617,0.697491
Mitchell Phillips,38,6531 Rodriguez Burgs,New Alyssafort,Hawaii,29297,44.136949,-56.690198
Jacqueline Williams,57,93906 Hawkins Heights Apt. 114,Lake Mariobury,New Hampshire,39907,-1.973683,-35.8802925
Jennifer Carroll,76,63049 Tony Ramp,West Jessica,South Dakota,07311,84.644275,-70.351837
Shelly Berry MD,38,52892 Maria Lane Suite 992,West Kathryn,Arizona,50362,-125.096997,-51.214715
Jennifer Allen,21,93289 Johnston Drive Apt. 609,West Katherineburgh,Tennessee,77212,-130.032121,30.165852
Craig Rivera,19,4595 Trujillo Plaza,Marshstad,Maine,46767,139.389367,49.1062935
Elizabeth Brown,46,21540 Brian Vista,East Loriport,New Hampshire,38673,-37.868569,-3.9252785
Alicia Combs,62,498 Carlos Points,North Alexanderhaven,Maryland,47885,11.419271,-58.6801985
Robert Kramer,79,4671 Anthony Springs,Port Adam,Missouri,13329,-70.210865,23.4047275
Gavin French,58,3317 Wu Loop Suite 479,South Lauren,New Jersey,37803,-65.621999,67.3217055
Michael Walters,62,9868 Rebekah Spring Apt. 366,Lake Mark,Wyoming,59836,132.486661,16.2391225
Courtney Luna,37,1982 Nicole Views Suite 524,East Dalefort,California,48260,127.553822,-18.9427995
Don Smith,77,88486 Baker Drives Apt. 469,Davismouth,Louisiana,31795,140.746703,67.342495
Diamond Mendez,24,05140 Bell Plains Suite 280,Hughesside,Oregon,33745,106.259098,-88.6942715
Thomas Johnson,18,788 Nicholas Common Suite 022,Port Robertchester,Ohio,20368,150.497950,-14.826524
Kara Beck,30,47030 Harrison Drives,Wilsonport,Florida,88639,-98.240579,44.3027125
Bailey Carlson,49,424 Jones Valley,Stephanieborough,New Hampshire,91242,-132.784013,-57.097567
Andrew Davies,61,065 Williams Station,Lake Billy,Missouri,15183,-134.761035,-34.946384
Jeffery Huang,56,59319 Cruz Manors Suite 788,Teresaberg,Ohio,66671,167.833129,10.9386895
Sharon Miller,53,1053 Rachel Junctions,Brianborough,Ohio,40043,7.443038,-86.6990695
Kristen Schneider,62,03517 Lee Rest Suite 007,Ramirezchester,Ohio,69396,-74.900341,-46.275809
Ricardo Sanders,60,07403 Adam Flat,South James,Texas,02231,135.737668,-79.0026165
Alexis Johnson,75,575 Ana Fort Suite 562,North Joshua,Kentucky,43553,103.319854,3.641636
Lori Logan,32,07619 Jamie Cliffs Suite 236,Kimberlytown,Tennessee,20805,21.122820,37.3174665
Lisa Mitchell,68,661 Amber Brooks Apt. 076,Patriciaberg,Montana,80747,148.804901,-87.5037215
Matthew Taylor,60,93265 Ryan Street Apt. 968,Oliverport,Indiana,31067,53.018883,72.895167
Ashlee Phillips,79,82581 Williams Lakes,East Danielburgh,Georgia,21192,165.625482,85.2139195
Anthony Gordon,52,7832 Ross Walk Suite 475,Lake Michael,Delaware,12869,-72.068885,35.725089
Douglas Anderson,64,38629 Michael Oval Apt. 109,Hardintown,West Virginia,91557,90.654232,18.9539805
Edward Adkins,49,557 Jason Parkways,Taraview,Rhode Island,32679,65.642181,21.673742
Kenneth Brennan,60,432 Long Hollow Suite 450,Norrisland,Utah,04481,-33.967573,39.793162
Kathleen Garcia,66,69392 Mark Viaduct,East Jaime,Florida,86960,58.964248,-1.8337185
Eric Hess,71,2652 Sanchez Shores Suite 075,East Jennifer,Arizona,10568,32.997218,-88.6126435
Dean Watts,61,5910 Taylor Crossing,Jodiville,Alabama,85077,-45.976291,-74.5173265
Morgan Lewis,26,748 Roger Crescent,Lake Patricia,Mississippi,20639,-12.918125,42.9344085
Ashlee Howell,35,53632 Marshall Key,East Dwaynehaven,Alabama,81419,-60.738223,79.7158535
William Walker,36,51142 Harold Mount,West Janet,Ohio,29797,121.265871,29.4424265
Maria Rose MD,54,440 Anthony Gateway Suite 176,Walterchester,Wisconsin,03189,13.740427,67.5749155
Willie Edwards,50,1967 Flowers Summit Suite 356,West Rebeccabury,West Virginia,03846,9.450446,49.0473245
Sheila Oneal,18,92581 Thomas Dale Suite 779,Jesseview,Utah,77443,-148.984233,10.506252
Troy Adams,39,1620 Richard Heights Apt. 568,Courtneyton,Massachusetts,75935,-20.089593,48.0287405
Veronica Mitchell,73,5107 Kathy Glen,Vangtown,Wyoming,40900,48.844990,54.221534
Michael Hall,37,9751 Melissa Circle Suite 549,Bairdbury,Illinois,97610,3.953942,9.068997
Stephen Brooks,62,68539 Cole Ways Suite 005,Cheyennehaven,West Virginia,06579,-21.727974,1.306974
Daniel Wheeler,46,2398 Jennifer Extensions,Port Shawn,Hawaii,90131,93.143101,-57.4000095
Colleen Miller,62,052 Berry Villages Suite 372,Port Melissa,Ohio,83576,-129.909198,-71.612763
William Sherman,69,919 Diaz Expressway Suite 089,Karenland,New York,73556,163.973748,8.5008055
Robyn Pugh,76,89433 Smith Brook Suite 312,Richardsonville,West Virginia,10539,-24.019892,-67.7664495
Marvin Olson,72,698 Reyes Station,Jamesstad,Washington,82708,78.742267,43.864242
Angela Bradford,24,565 Brian Inlet,Howardberg,Vermont,65826,-72.109570,41.8760265
Ashley Bright,46,9286 Rogers Way Suite 525,East Nicolestad,Nevada,26542,-156.083351,-20.3191225
Thomas Smith,50,498 Gibson Wall,Davishaven,Mississippi,30755,73.789241,31.4181895
Gary Anderson,80,1199 Michelle Views,Port Andrewville,Louisiana,43365,166.302331,57.461699
Felicia Gould,44,2992 Shepard Shoal,West Michealmouth,Arkansas,10962,163.329287,33.6034115
Kayla Reese,56,943 Daniel Parkways,West Katherine,Arizona,63265,-131.217312,64.3851265
Kelly Thomas,52,848 David Cliffs,Alexton,West Virginia,61457,83.433527,-22.837460
Steven Page,76,115 Mark Unions,Crossside,Connecticut,98004,-81.625296,84.748254
Mary Hernandez,73,43803 Dwayne Mews Suite 019,Ashleyland,Iowa,36020,99.434634,0.6592305
Samantha Yu,26,03564 Natalie Fort Suite 245,North Don,Louisiana,23444,41.862811,4.871716
Carrie Diaz,67,911 Price Junction Suite 968,Williamsfort,Ohio,84304,14.516665,-67.201887
Kenneth White,20,794 Damon Brooks,Boydshire,Wyoming,61586,-23.164521,-57.7966485
Samuel Woods MD,73,20269 Cox Walk,Castilloshire,New Mexico,00651,85.861401,-50.6555465
Dr. Samantha Carpenter,31,03316 Schaefer Point,Lake Barbara,Michigan,17340,-154.275329,-6.8036355
Malik Buchanan,52,909 Jones Wells,Thompsonside,Utah,98896,-93.101390,-15.5536745
Joel Obrien,22,5143 Dalton Islands Suite 995,Phillipsbury,Vermont,41504,169.194431,-9.8081535
Harold Obrien,34,756 Kennedy Way,Wardville,Michigan,83071,105.138316,-36.763225
Marcus Williams,32,26115 Howell Isle Suite 612,East Ashleeton,Colorado,62962,-153.434034,-4.377541
Christopher Campbell,78,2593 Melissa Villages,North Tina,Kansas,61095,32.851792,50.452102
Rebecca Bell,50,8331 Chase Roads,Campbellmouth,Arizona,20960,146.177993,-83.131338
Kelly Briggs,76,22793 Watkins Ridges,Andrewsstad,Florida,76677,-117.428218,89.3006325
Marcus Hobbs,59,3673 Sarah Isle Suite 050,Hectorshire,Nebraska,41186,102.337052,-19.493786
Brett Smith,45,0092 Jeffery Tunnel Apt. 876,East Robert,Rhode Island,35613,0.416227,-48.1732165
Kristin Fisher,25,03099 Rhodes Plains,New Jason,Iowa,73256,22.018952,42.080223
Alyssa Sweeney,71,130 Brenda Fort,New Kimberlymouth,Georgia,17286,-114.467196,43.264561
Carla Dixon,46,507 Franklin Streets Suite 918,Michaelport,Michigan,14952,104.602798,58.903588
Troy Diaz,59,3912 Dwayne Meadows,Davidfurt,Arizona,75622,-39.356530,-70.3406175
Dale Nelson,76,226 Steele Alley Apt. 032,West Jenniferstad,Kentucky,23285,-34.576971,54.8612255
Ryan Harrell,35,12492 Raymond Skyway Apt. 638,Johnborough,Tennessee,86979,-129.464757,-88.0235075
Andrea Luna,66,9126 Tom Hill Apt. 013,Elizabethport,Oklahoma,35496,-78.992519,-23.0873285
Christopher Alvarado,40,624 Michael Forks Suite 583,West Veronica,Washington,62376,26.650474,44.354094
Amber Pacheco,70,7783 Montoya Club,Lake Ryanside,Oregon,99572,128.844812,-59.0942525
Dale Weber,24,838 Nelson Fort,Jefferyshire,Texas,32556,23.486893,50.2014125
Caleb Pratt,35,24037 Brown Drives Apt. 200,Jillton,Vermont,22526,-48.265438,-77.344452
Sarah Baxter,68,1228 Bradshaw Port,Grayville,Mississippi,83792,161.854335,-21.0124605
Zachary Clark,61,21687 Moore Prairie,Reginamouth,Oregon,62748,-2.093905,-25.897899
Brandi White,79,385 George Lane Suite 131,South Adamfurt,Maryland,65497,83.897974,-86.5838285
Wayne Jones,50,59876 Fisher Via Suite 596,Gallagherberg,Illinois,05276,111.138136,40.5655245
Melissa Aguilar,45,908 Rodney Vista Apt. 856,West Henry,Pennsylvania,40122,32.030480,39.382066
Steven Anderson,69,671 John Fall,Javierfurt,North Carolina,19739,27.711065,10.7632815
Albert Collier,42,633 James Flat,Anthonymouth,South Dakota,65229,-88.591207,-41.872820
Matthew Leonard,73,559 Lang Station,New Nancymouth,New York,43219,-46.298830,-57.0236125
Shelby Castaneda,37,2218 Moore Mission,East Peter,Pennsylvania,29526,-161.587904,10.914077
Caitlin Luna DDS,41,1891 Williams Terrace Apt. 939,North Emily,South Carolina,27039,-159.704211,66.826263
Steven Delgado,32,4719 Laura Squares Apt. 219,Blanchardview,Maryland,92446,77.300219,-52.1478455
David Middleton,68,6985 Edwin Locks Apt. 876,West Laurafurt,Maryland,39758,37.663414,13.1506195
Leah Grant,79,31098 Collins Pine,South Josephburgh,Virginia,20596,165.618589,30.6084525
Ryan Gonzalez,53,37987 Lucas Court,West Sarah,Louisiana,89427,-36.508307,-45.2157545
William Smith,39,127 Ryan Turnpike Apt. 473,Williamsland,Hawaii,86325,-150.064393,-19.3044445
Mary Chavez,68,991 Chelsea Plaza Suite 993,Murphyshire,Florida,74857,129.732561,42.3573135
Lisa Hart,43,9791 Weber Brook,East Davidside,Utah,04731,-149.134179,-55.826960
Jason Blair,40,29602 Margaret Turnpike,Port Billy,Massachusetts,32113,152.748308,16.138472
Kim Riggs,24,521 Arnold Roads,Mcdowellmouth,Florida,21792,-49.759053,-86.396848
Christopher Kaufman,47,8251 Page Fork,Kimberlyport,Tennessee,41603,-126.163982,-23.348931
Clifford Brandt,58,4178 Olson Cliffs,Brownport,Virginia,40731,12.121843,-14.6406495
Gerald Reyes,50,24501 Espinoza Square Suite 051,Garciaborough,California,38863,-149.932834,-15.9191345
Frank Smith,38,213 Cox Summit,East Anthonyton,Rhode Island,26521,-19.718760,-42.9381275
Cindy Hutchinson,34,85504 Davis Underpass Apt. 740,Port Andre,West Virginia,82425,-156.648869,-59.579741
Rebecca Hill,72,52132 William Stream,North Susanborough,Georgia,95836,-55.274533,-15.0869775
Natalie Rivera,32,2769 Scott Isle,Perkinsmouth,New Jersey,38546,122.473001,-85.330611
Christopher Carter,42,168 Long Drive Apt. 001,South Melissatown,California,51565,162.450957,-86.9810455
Timothy Bishop,58,6852 Mckenzie Shore Suite 838,East Tracimouth,Pennsylvania,12267,-105.633045,-6.6524995
Robert Potter,40,27521 Andrew Vista,West Brian,Tennessee,73529,148.018543,79.584275
John Wiley,63,204 Jessica Village Suite 379,Matthewport,Alabama,50822,109.305682,-74.962511
Anna Owen,76,3141 Pace Vista,Antoniomouth,Delaware,75358,50.197417,-54.813084
Andrew Caldwell,39,4495 Troy Radial Suite 787,Lake Deanna,New Mexico,68317,38.952019,59.1180385
Victoria Cordova,40,99261 Jacob Grove,Port Mikemouth,Wisconsin,99179,-104.409198,-20.7398355
Lisa Jackson,19,98767 Grant Light Apt. 910,Michellechester,Indiana,94352,40.603067,73.276508
Craig Shepard,19,37301 Sarah Bridge,Lake Linda,Kansas,11698,37.973652,34.884961
Maria Ramirez,63,892 Murray Row Suite 332,Lake Josephbury,Montana,80572,-51.041948,16.6896185
Michael Martinez,32,7946 Amy Place Suite 957,West David,Utah,25474,150.738168,-14.149435
Rebekah Schmidt,31,6897 Zhang Points Apt. 551,North Jessicaberg,Utah,77001,141.187046,-63.013677
Nicholas Rice,63,51738 Michael Court,Lake Edward,Vermont,06491,130.087664,-22.834544
Alyssa Brown,31,2372 Brian Shoals Apt. 736,Josephside,Maryland,97844,-168.025902,-65.4143395
Nicole Brooks,72,66353 Michelle Mews,Kennethborough,Kansas,50428,154.204843,-53.080448
Danielle Douglas,29,0920 Valerie Fall,Stephenmouth,Alaska,88253,-12.556385,8.1609635
Anthony Campos,70,2272 Webb Spring Suite 355,Oliverport,Kentucky,80115,-107.421131,59.815122
